lang,dur
한국어,18530.220406999993
Abaachi,3936.3395910000004
Abab,2328.34612
Abanyum,819.121633
Abau,10086.373878000002
Abawa,3085.505306
Abayong,1264.013061
Abbe,1640.75102
Abe,4892.238366
Abidji,3465.038368000001
Abini,2596.989388
Abong,7344.065304000001
Aborlan,3049.404082
Abron,3332.310204
Abua,2189.165715
Abu,3449.3126530000004
Abui,2314.8146949999996
Aceh,5966.73306
Achagua,1716.0097959999998
Ache,4392.9338800000005
Acheron,29226.945311000032
Achhami,6883.761627000002
Achi,4205.897144
Achik,23178.004904
Achode,14575.307755000002
Acholi,7957.18531
Achuar,7361.253876999999
Ada,2771.356733
Adan-Gbe,2688.4440830000003
Adangbe,17470.406528999996
Adang,2090.1877529999997
Adangme,13834.213875
Adara,5226.213876
Adare,430.39347
Adele,20791.980411999994
Adi,9905.998367999999
Adim,867.6048969999999
Adiyar,789.76
Adzera,1817.129795
Aeka,1829.6946940000003
Aekyom,18162.233466999995
afae,1853.283265
Afan,21213.048162999985
Afar,5936.9534699999995
Af,17414.164896
Afrikaans,56207.17714899999
Afrike,1679.804082
Afshari,2159.6734679999995
Agarabi,8667.245710000001
Agatu,2603.598367
Agbo,1304.11102
Agharia,420.963265
aghim,407.51020400000004
Agi,3011.239184
Agni,2135.7191829999997
Agob,964.414694
Agoi,818.520816
Agoune,2710.62204
Agrame,1656.0326529999998
Agta,4612.127348000001
Agutayno,2230.7787749999998
Agwagwune,896.7314289999999
Ahanta,28934.269387
Ahe,11640.581225999997
Aikana,6923.833469000001
Aimol,7500.173066000001
Aita,9909.838367999999
Aizi,2772.3493879999996
Aja,18512.666127
Ajao,2841.6261229999996
Ajawanini,974.393469
Ajie,834.690612
Ajummaawi,1718.8310219999998
Akabara,833.802449
Akaselem,6748.995916
Akawoia,2012.943673
Akeanon,1772.120817
Akebou,6910.928979000001
Akei,8514.246533000001
Akeu,6501.694692000002
Akha,3344.953467
Akɨghɨman,1677.2440809999998
Akolet,2405.407346
Akoose,2151.7844910000003
Akpafu-Lolobi,2582.622041
Akpet,1288.515919
Akposo,8979.722449
Akposso,10101.133066000002
Akwa,2152.176326
Akwe,17264.378775
Ak,1681.893878
Akye,2475.572245
Alabe,788.453878
Aladian,2119.3404079999996
Alago,1691.951021
Alak,4826.827755
Alangan,4012.120816
Alawa,2315.7812269999995
Albanski,10130.964897000002
Ale,4555.546121999999
Alege,2600.045714
Ali,1631.216328
Allar,5729.515104000001
Alor,3487.503674
Alsengg,767.346939
Alu,8185.051430999999
Alumu-Tesu,4407.301224
Alune,9975.980408
Alur,7498.605714
Alyawarr,17765.355106
Amadi,1154.45551
Amahuaca,1723.663674
Amanab,7832.346124
Amarasi,15732.479996
Ama,2781.910203
Amayo,2098.390205
Ambae,13162.370612
Ambai,6231.614692999999
Ambele,1741.9755109999999
Ambrym,25186.795095999994
Amdo,27663.412245000003
Amele,1650.8081630000001
Amene,2297.626122
Amol,3634.3902040000003
Amo,1731.0302040000001
Amto,631.24898
amueixa,4152.241634
Amuku,937.012244
Amulah,420.257959
Amuzgo,2802.546938
Anakalang,3771.715919
Anak,4054.308572000001
Anal,6576.300410000001
Ana,858.775511
Andoh,2327.3273470000004
Andoque,821.76
Andra-Hus,809.534694
Aneityum,3034.77551
Anen,721.998367
Angaite,1703.627755
Angal,40508.13386899999
Angkola,6185.482448
Angoram,1709.8448979999998
Anii,16644.362447000003
Animere,1562.044082
Anindilyakwa,37056.91428600001
Anishinaabemowin,2068.7673449999993
Anishnaabemowin,2158.288981
Annang,2097.084082
Anuak,10321.031840000001
Anufo,24916.636743000003
Anuki,67325.96245200007
An,1261.557551
Anyanga,4927.81714
Anyang,2787.63102
Anyin,12931.082449999996
Aola,1359.804082
Apache,3172.8587749999997
Apalai,1305.6783679999999
Apal,43552.940414000026
Apatani,6477.322449000001
Apinaye,3883.284897
Apma,7709.100406
Apolo,1252.5191829999999
Apurina,5322.239997
Arabela,1744.352653
Arabic,210368.992657
Aragones,2403.239188
aragones,2355.043267
Arakan,9697.959186
Araki,1707.650613
Aramaic,10726.217143000002
Aram,3918.942037
Aramba,5268.845714000001
Aranada,1399.3012239999998
Araona,5965.792654
Arara,9630.014689999996
Ararahih,865.724082
Arawak,1271.536327
AreAre,3508.715102
Are,28874.475099999985
Aren,3473.1363290000004
Arfu,898.324897
Arhuaco,4052.271019
Arifama,9194.031020000002
Arigidi,1695.4514279999999
Arikka,713.142857
Aringa,787.748571
Arlijan,13819.115107000001
Armenian,3604.8457150000004
Arop,886.543674
Arosi,2650.357548
Arove,5171.565715999999
Aro,3550.432653
Arrarnta,19742.432650999992
Arua,1265.345306
Arufe,3922.285716
Aruwam,7856.901222999999
Asahei,2732.434285999999
Asaka,2850.4816329999994
Asa,1134.28898
Aselo,2987.9118369999997
Aseroc,946.8081629999999
Ashaninca,11795.173876000003
Ashaninka,6114.403266000001
Ashe,3242.0310219999997
Asheninka,5113.155919
Ashkuni,352.96653000000003
Asmat,29575.07918299999
Assiga,887.144489
Asuri,2620.447346
Asurini,1231.020409
Asu,2216.09796
Ata,15908.022855
Atao,2258.23347
Atchin,1886.5632649999998
Ateso,30373.720818000013
Atohwaim,2813.44
Atong,8137.038364999999
Atoro,3859.461225
Atsam,10074.148570000001
Attakar,3082.109389
Atta,12051.983666
Attie,2114.664489
Atuku,2663.5232670000005
Atunza,6814.197551000001
Auhelawa,18168.79019799999
Aujefor,900.8587749999999
Aukaans,1130.057143
Aukan,2224.378775
Aulua,1715.043265
Autu,3325.1526539999995
Au,7119.229387
Auyana,1771.885714
Auye,2783.242446
Auyu,23112.907753000003
Avande,3233.0187770000002
Avatime,4751.072652000001
Avoana,9176.94694
Avukaya,3767.5102069999994
Awa-Cuaiquer,1060.336327
Awa,34712.607350000006
Awaiama,856.032653
Awajun,6503.209797000001
Awani,4047.960817
Awaula,884.297143
Aweer,13893.851428999998
Aweti,1117.54449
Awingi,787.748571
Awngi,2017.645714
Awun,2832.4310199999995
Awutu,913.8938770000001
Awu,1549.87102
Awyu,4053.8383639999997
Axamb,3372.538774
Axi,2174.981224
Ayore,6921.168978000001
Ayta,17871.281635999996
Ayu,4548.414693
Ayuka,929.515103
Ayuucc,2624.5746940000004
Azerbaijani,8542.302040000002
Azhe,3474.128979
Azoumeina,10245.877552
Baaja,3274.7363279999995
Baajek-Ajek,2789.7469380000002
Baaj,11839.608164
Baba,2643.0693890000002
Babagarubu,13150.746118999996
Babai,1746.076735
Baboma,1717.368164
Babungo,2574.6808180000003
Babur,878.2106120000001
Bacama,4179.461224000001
Bada,4167.758367
Badameo,3516.16
Bade,3650.559999
Badouma,891.19347
Badugu,3518.354286
Badui,4188.290614999999
Baebo,819.748572
Baegu,24601.469383000003
Baelelea,26406.817961999994
Bafanji,3337.7436740000007
Bafaw,425.560816
Bafek,812.2775509999999
Bafia,5306.435917000001
Bafut,5600.835918999999
Baga,9547.546122
Baganci,1536.3134689999997
Bagari,6539.676738
Bagheli,9820.133876
Bagobo,793.5738779999999
Bago-Kusuntu,5852.212244
Baguirmi,3494.034285
Bagwa,3440.6400019999996
Baham,1331.30449
Bahasa,71331.55264999994
Bahinemo,2135.2228569999997
Bahing,8434.573062
Bahnar,3972.2579619999997
Baibai,2810.4620400000003
Baiga,1279.320817
Baiiyi,3395.787754
Baikeno,18538.657956000014
Bai,2679.7191850000004
Baima,3178.3967340000004
Bainapi,7874.925713000001
Baining,2687.346939
Bainouk-Gunyono,3417.182041
Bairisch,918.282449
Baitadi,3311.8824489999997
Baiyi,7988.479998999998
Bajania,3363.448163
Bajare,3701.890613
Bajau,3148.800003000001
Bajawa,2531.578777
Bajju,3190.0995930000004
Bakairi,6490.592656000001
Bakalanga,1694.5632640000001
Bakambai,2376.7510199999997
Baka,8948.401634999998
Bakati,9116.395100000002
Bakau,2774.72653
Bakele,1251.082449
Bakossi,398.367347
Bakpre,2778.5926529999997
Bakti,3878.922448
Bakua,4291.3959190000005
Bakumpai,3505.920003999999
Balai,6732.277548999999
Balangao,8369.423675
Balangingi,2297.07755
Balang,1013.2114290000001
Balanta,23087.542856999982
Balanta-Ganja,2033.972246
Balantak,9122.377145
Balawaia,5172.218775999999
Baletha,2453.707755
Bali,8135.131431000002
Balkan,1170.050612
Balo,2281.221224
Balochi,4988.682449
Baloi,2425.4171429999997
Balong,797.178776
Baluan,1087.346939
Baluba,1673.613061
Baluchi,365.035102
Bamali,3505.188572
Bamanankan,35464.38530400001
Bamayo,2524.5257140000003
Bambamba,1224.64653
Bambam,24413.361635
Bambatana,9310.458776000001
Bambili,2581.65551
Bambui,3087.908571
Bamessing,3453.152653
Bamoro,2646.569797
Bamoun,2087.288163
Bampape,3462.7134650000003
Bamukumbit,2341.093879
Bamu,10349.818774
Bamunka,2471.2881629999997
Banana,5213.831837999999
Banaro,3361.488981
Banawa,37027.813879999994
Bana,2393.913469
Banbalang,2539.4155100000003
Banda,2539.650611
Bandassa,613.250612
Bandas,3450.305307
Bandawa,2654.354286
Bandial,3263.3730610000007
Bandi,11802.279176999993
Bangala,45441.64571400002
Bangandu,2822.008164
Banga,1664.182857
Bang,1895.706122
Banggai,18636.930614
Bangkalaan,3363.3436739999997
Bangla,1567.973877
Bangolan,5197.061227
Bangwa,2959.1771440000007
Banhum,963.2391829999999
Baniwa,9822.563260999998
Banjar,8526.811426999999
Banjari,824.9730609999999
Banna,35733.133062
Bannuchi,437.289796
Banyadu,5356.721633
Banyam,2835.3828569999996
Banyangi,800.992653
Banziri,2446.288979
Baoule,4596.636735
Bapindji,867.108572
Baraamu,3347.382857
Barabaig,29166.31510099999
Baraine,1307.637551
Barai,2455.823673
Barapasi,1337.338775
Barar,857.756734
Barasano,2688.026124
Baravaia,1317.746938
Bardi,2672.5093870000005
Bareke,5797.093881999999
Bareli,11702.308573
Bare,1662.197551
Baribe,2253.3746939999996
Bari,14956.826116999997
Barok,1685.185306
Barombi,420.571429
Baruga,1258.8408169999998
Barukul,1771.389388
Basa,29052.081628999993
basa,133434.09632200003
Basa[Nigeria],1776.953469
Basap,2366.7983679999998
Basima,391.31428600000004
Basketto,3049.116734
Baso,4627.017139
Basque,2897.1624490000004
Bassa,10099.748574
Bassossi,444.943673
Batak,25075.59183399999
Batanga,389.642449
Batangkawa,5476.806530999999
Batanta,830.72
Batonu,6361.652246
Batoufam,2504.3330610000003
Batswa,738.037551
Batu,6115.761636
Bauchi,3405.557555000001
Bauni,2552.372245
Baure,7927.484083999999
Bauria,6239.608163
Bauzi,1821.701224
Bavoungou,432.169796
Bawandji,773.746939
Bawm,20856.946946999993
Bawoumvou,2090.501225
Baya,4452.832653
Bayan,2545.266939
Bayombe,865.985306
Bayot,3236.806534
Bazigar,6144.339588999999
Bazi,419.787755
Beafada,1185.044897
Bebele,7251.356734
Bebeli,845.191836
Becheve,5472.339591999999
Beche,3098.0179590000007
고려말,3323.898776
Bedamuni,28626.416325999995
Bedde,2569.4563279999998
Bedineh,2613.55102
Beebo,2787.94449
Beembe,2025.9787740000002
Befang,5312.417960000001
Begahak,3063.5885710000002
Bekwarrah,2822.217142
Bekwel,2135.013877
Belanda,1934.001634
Belangin,7505.057957000001
Belangit,2797.714288
Belarupu,1660.7085710000001
Belawan,2832.378775
Belebele,380.891428
Bele,1583.203265
Beli,1570.481632
Bembe,19480.842450000004
Bembi,380.15999999999997
Bemoyap,3828.323265
Bemoyo,2268.1077530000002
Benabena,3046.922448
Bena,2600.150204
Bench,29135.56898200001
Bendi,4303.621225999999
Beneraf,887.954286
Bengali,18504.933872999994
Beng,1623.588571
Benjube,2647.823673
Bentian,3888.039184
Benua,4593.7110219999995
Berba,1657.443264
Berik,4546.45551
Bermejo,7005.857959
Berom,3022.628572
Berta,3141.0155100000006
Berusuh,3082.9191849999997
Besoa,3738.592651
Betawi,5298.12898
Bete,7983.568983
Betsimisaraka,11700.114286
Bette,2655.608164
Bhadarwahi,5204.506123000001
Bhakhariha,1616.770612
Bhatra,1616.4832649999998
Bhatri,2429.152653
Bhattiyali,5191.000816000001
Bhatt,834.742857
Bhilali,42536.56816299998
Bhili,2490.226939
Bhojpuri,5894.217144
Bhotia,430.471836
Bhumij,3410.3902040000003
Bhunjari,2456.711836
Bia,1471.947755
Biak,13887.216322999997
Biak-Numfor,3255.1706119999994
Biangai,1406.354286
Bian,887.3273469999999
Bicol,3598.8114299999997
Bidayuh,3053.949387
Bidio,1280.078368
Bidyogo,1136.195918
Biete,1661.5967340000002
Biga,883.644082
Bijago,22239.843272999988
Biksi,3461.877551
Bilaan,4510.5371430000005
Bilaspuri,8554.475099000001
Bilba,2951.157552
Bilen,6157.13959
Bille,3068.682449
Bilua,7216.274287
Bima,2980.388571
Bimbia,424.176327
Bimin,1756.0555100000001
Bimoba,16010.997558000001
Binae,2998.648162000001
Binandere,2209.985307
Binawa,2638.654694
Bine,17298.599183
Binokid,6602.605715
Binongko,688.927347
Binumarien,2198.517551
Biote,1519.9085719999998
Bio,3319.640816
Bipim,1828.466939
Birao,4998.582856999999
Bira,2293.028571
Birifor,18363.115103
Birom,2194.834286
Birwa,828.4473459999999
Bisa,13308.708568000002
Bisaya,805.537959
Bishiri,2601.247347
Bishnupuriya,2447.621225
Bislama,50819.70938900002
Bisonhorn,2579.591836
Bisu,1452.90449
Bitara,1737.3518359999998
Bitovondo,897.645714
Biwat,3246.5502040000006
Biyah,2411.885715
Bku,861.074286
Black,3173.1200010000007
Blang,1544.542041
Blang-Shan,13412.388570000001
Ble,1082.566532
Blimo,1878.83102
Bngagam,5244.238367
Bobangi,1631.764898
Bobo,12746.945303999999
Bodo,7053.426939999999
Boga,2523.924898
Bogaya,8172.068571999998
Boiken,3466.4750999999997
Boikin,7008.862043
Boi,1241.2342859999999
Boki,5674.919185000001
Bokobaru,3629.766530000001
Boko,5877.864491999999
Boku,871.2097960000001
Bolaang,1725.675102
Bola,2354.912654
Bolewa,4353.515102
Bolon,1448.933877
Bom,2583.849796
Bombieta,5518.28898
Bomboma,1129.038367
Bonda,6019.265303999999
Bondei,789.028571
Bongo,2949.2506120000003
Bonguili,4389.616325
Bonjugi,18917.093870000004
Bonoi,931.422041
Bontoc,10222.080000999998
Borana,57165.21797000005
Bora,1698.742858
Boro,6698.161631000001
Bororo,1280.1306120000002
Bosalewa,465.345307
Bosanski,16071.732249
Bosman,2611.3567350000003
Bote-Majhi,3154.207346
Botin,2992.2220410000004
Botofina,881.972245
Boua,1636.414694
Boulba,2663.915102
Boum,1281.750204
Bourba,3258.958369
Bowiri,2400.052245
Bo,3403.284898
Boyei,2730.1355100000005
Bozo,4911.04653
Bragat,3555.030205
Brahui,3132.05551
Breri,2692.59755
brezhoneg,2370.76898
Bribri,1987.944489
Brignan,2055.079183
Brokskat,5359.516735
Bru,35128.111018
Buang,4259.239184
Budja,1195.180408
Buduma,2017.6195909999997
Bugawac,1260.512653
Bughotu,17342.850611
Bugis,3677.074286999999
Bugun,5137.005714999999
Buguo,3061.0546930000005
Buh,7582.746121999998
Buhid,10639.725716
Buhutu,92837.56408899998
Buin,1910.2302040000002
Bujiyel,2865.2930610000003
Buka,934.3477560000001
Bukete,5367.118366000001
Bukharian,3024.4571420000007
Buksa,7108.414695
Bukusu,20975.908567999995
Bulaka,2494.1714279999997
Buli,38598.81795900004
Bulu,7101.440001999999
Bululaha,887.013877
Bumaji,3503.2555089999996
Bum,3141.564082
Bunama,421.276735
Bundi,1309.309388
Buol,3115.0497950000004
Burak,4331.31102
Burarra,6261.786121999999
Bura,2545.606531
Bure,4337.92
Buriat,3531.9118359999998
Burji,14436.284081
Burka,4294.426122
Burmese,5785.155916000001
Burmeso,3376.0130609999997
Burrum,1699.134694
Buru,20851.565714000004
Burum,4023.7191830000006
Burun,4046.811429
Burushaski,4112.822853999999
Busam,2398.328164
Busan,3366.661225
Bushari,1297.371428
Bushilele,2310.974694
Bussawa,1672.0979590000002
Bussa,2566.6089789999996
Butwa,2571.702857
Buwal,2442.0832659999996
Buwongo,1309.44
Buyi,7973.903675
Bwaidoga,3714.481635000001
Bwaidogen,3723.5983659999997
Bwamu,6509.949388
Bwanabwana,1364.218775
Bwasilaki,1799.706122
Bwikelebwe,2202.4881649999998
Bwol,5520.117552
ɓasaa,7084.173061999999
Cabe,2617.103674
Cacchiquel,1763.918367
Cacua,2294.831022
Cagayanon,4312.63347
Cahuilla,3452.604081
Ca̱hungwa̱rya̱,2900.06204
Caita,2269.8840830000004
Cajun,2419.095511
Cakchiquel,27357.962449000013
Cakfem-Mushere,797.3616320000001
Calamiano,2488.42449
Calo,2133.968979
Camsa,2019.030205
Canadian-Alaskan,2597.564081
Candoshi-Shapra,4974.210612
Canela,7611.324082999998
Canichana,1816.3461230000003
Cao,2560.026122
Capanahua,2377.456327
Carapana,3117.4530630000004
Carib,1725.727348
Carijona,421.041633
Carrier,2590.8506119999997
Casiguran,12714.501225000002
Cassanga,1072.84898
Catala,3394.4816340000007
Catalan,3292.8653050000003
Cauijo̱,3136.914286
Cavinena,6921.639192999999
Cayubaba,3018.9191849999997
Cenka,4565.394289000001
Central,30639.12490099999
Cerma,2171.088979
Cestina,24839.601636000003
Chabakano,3562.0310200000004
Chachi,1813.315918
Chacobo,11050.527349
Chagga,7456.261226000002
Chahta,3625.639185
Chakali,7301.955918999999
Chakfem,1666.2204080000001
Chak,13594.331429000002
Chakhesang,1265.92
Chakma,1174.4391839999998
Chala,3520.705306
Chamacoco,1144.868572
Chaman,2112.8359179999998
Chambri,1756.525714
Chamling,29419.964083000024
Cham,3464.85551
Chandrabanshi,3528.542041
Changma,25919.921636000006
Chang,5699.892247
Changthang,5310.615512
Charan,1841.4236740000003
Chat-An,13869.662041000001
Chat,3450.096326
Chatino,34529.567352999984
Chaurahi,1723.010612
Chayahuita,4915.121632
Cheke,5742.654691999999
Chemehuevi,1771.546122
Chenchu,8020.950205
Chepang,13233.084084000002
Cherepon,3951.5167360000005
Chetty,1584.039184
Chibuku,2535.6277550000004
Chichewa,5910.883266000003
chiChewa,18394.409794999996
Chichimeca,2387.4351039999997
Chifwe,9007.725715
chiLunda,8162.742861999998
Chimane,10490.253061
Chimila,813.531429
Chinamwanga,26325.707755
Chinantec,3516.2644909999995
Chinanteco,33193.24734499999
Chin,194836.7412430003
Chinese,117400.00653399996
Chini,2446.2628560000007
Chinna,783.4383680000001
Chipaya,8702.537143
Chippewa,3505.423674
Chiquitano,11883.441630999998
Chiru,2767.412245
Chisena-Chichewa,4014.706939
chiShona,47577.62611800002
Chocangacakha,7147.9640850000005
Chocholteco,1834.553469
Chodhari,842.422857
Chol,15323.141226999987
Chontal,11091.330613
Chonyi,29530.279184
Chopi,4950.073467999999
Chorote,828.3428579999999
Choroti,1318.661224
Chote,1169.841633
Chowra,1020.16
Chrau,3594.684082999999
Chru,1594.5404079999998
Chug,4259.761632000001
Chuj,8434.808163
Chumuru,9688.032655
Chung,2650.305306
Churahi,10885.746936000005
Chuwabo,2452.924082
Cia-Cia,4813.531427000001
Ciganski,1756.682449
Cikobo,801.9853069999999
Citak,4235.415509000001
Ciyaye,9815.614698000003
Clela,2555.428572
Cmiique,2487.118368
Cobiana,1090.925714
Cocama,1635.5787760000003
Cocamilla,1660.4212240000002
Cocopa,1919.869388
Cofan,3247.464488999999
Cokwe,5933.583672999999
Colville,942.9159179999999
Coniagui,2480.404898
Coong,4862.093063
Coorgi,1994.292245
Cora,8801.175511000001
Corsu,1937.5804079999998
corti,2831.647346
Coushatta,1909.812245
Cree,5989.746937000001
Creole,2395.088979
Crioulo,16704.339593999997
Crow,2257.6848989999994
Cua,3115.8595899999996
Cubeo,6479.777959000001
Cuiba,1168.53551
Cuicateco,2548.9502030000003
Cuicatec,6701.5575499999995
Culina,3469.296325999999
Curipaco,3533.2702060000006
Cutchi,2394.044082
Cuvok,2978.716734
Cuyonon,5210.3575519999995
Daakaka,1594.984489
Daasanech,24247.144489000013
Daba,1234.729796
Dadibi,1722.671021
Dadiya,2134.2824490000003
Dagaari,5184.653062
Daga,4812.382038999999
Dagara,26835.304491000003
Dagari,21544.803265000002
Dagbani,31785.560822000003
Daho-Doo,2190.053878
Dai,10095.098776
Daima,1890.429388
Daju,414.302041
Dakpakha,4401.475920000002
Dakti,7972.101223
Damal,2700.9306129999995
Damar,697.7306120000001
Dami,6896.718367
Dampelas,2438.9485710000004
Dangaleat,1066.34449
Dangi,855.405715
Dani,29675.937957
Dano,10739.722447999999
dansk,1324.094695
Danuwar,12373.916736
Daonda,3437.113469
Darai,10668.303671
Dari,385.044898
Darlong,2815.190204
Darwazi,389.903673
Dassa,4411.768163
Datki,1563.4024509999997
Daur,8617.978777
Daurukhi,5999.359999000001
Dausahaq,3354.383674
Dausame,9023.608165000003
Davaweno,1128.54204
Davovitu,434.050612
Dawada,895.346939
Dawawa,47834.30530900003
Dawei,2882.377146
Dawida,31218.703669
Daw,5152.365715999999
Dawro,2951.183674
Dayak,4241.554282
Day,7064.346121999999
Dazaga,31179.15428500002
Dbaku,2668.2775530000004
Deang,5613.165717
Debati,2289.867756
Deccan,5298.520816
Degama,2582.961632
Degaru,6308.832652
Deg,11726.210610000002
Dehwari,861.44
Dei,1718.256327
Deing,2354.494691000001
Dela-Oenale,10886.844078999993
Deme,1339.297959
Dem,1108.897959
Denaina,2079.3208129999994
Dendi,4311.719183
Dene,2419.0955089999998
Deno,1679.673469
Denya,6866.599184
Deori,5695.660407000001
Desa,5261.348575000001
Desawa,868.519183
Desia,9158.295511999999
Deutsch,15762.625302999997
Dewas,7219.461225
Dezi,2490.0963260000003
Dghwede,800.992653
Dhalwangu,1618.677551
Dhanuk,6839.954287000002
Dhao,15833.391019
Dhatki,7211.781224
Dhimal,12528.169797
Dhodia,1294.236735
Dholuo,39389.02204600002
Dhundhari,7133.701225
Dhuwa,13927.627756000005
Dhuwaya,16209.946122
Dhyang,1214.014694
Dibabawon,2105.521633
Dibo,2691.709387
Dida,2114.507756
Didayi,817.214694
Didinga,3735.6669390000006
Didje,3098.5926529999997
Di,842.814694
Didza,1029.537959
Digaro-Mishmi,11161.808979999998
Digo,41357.89713500001
Dii,7471.0726520000035
Diidxaza,3129.18204
Dikaka,8093.59674
Dilling,1623.118366
Dimasa,1609.1951020000001
Dime,22230.648164000002
Dimmuk,384.940408
Dine,12468.166532999996
Dingana,832.261224
Dinka,62040.241625999966
Dirasha,2434.4032660000003
Diriyawa,816.953469
Distee,8367.464497000003
Ditammari,2448.483267
Ditse,15035.297955999999
Dizaxon,2955.8073470000004
Dizhe,1312.287347
Dizhke,8991.947757
Dizte,3499.807345999999
Djamba-Likutu,1700.440816
Djambarrpuyngu,49556.218773000015
Djan,1685.4204089999998
Djapu,3686.4783660000003
Djaraouna,836.728163
Djimini,3755.2326550000002
Djingili,1705.482449
Djonga,16156.499593
Dla,2507.885715
Dobel,18236.995918999997
Dobu,6655.973878000001
Dodomona,3471.6734699999997
Doga,763.768163
Doghosie,5328.274285
Dogon,6745.025306
Dogoro,845.426939
Dogose,20829.04816300001
Doka,2832.326531
Doko-Uyanga,2495.8171450000004
Dokpa,1685.96898
Dolakha,113284.33632900009
Doli,1564.0816320000001
Dolpa,2405.0416320000004
Dolpo,6627.657144999999
Dompago,8628.453877
Dompo,2417.919998
Domu,873.456326
Dom,424.359184
Dong,10687.738773
Dongo,2170.853877
Doondo,21078.021219
Dorio,1711.751837
Doromu-Koki,930.220408
Dorze,3639.6930620000007
Dosan,2641.6065310000004
Doteli,10497.332248999995
Dott,837.041633
Doutai,3582.3804089999994
Dovele,5711.804079000001
Doyayo,3359.111837
Drasi,1548.90449
drehu,1113.70449
Drukai,1984.052245
Duala,3395.578775
Duau,398.759184
Dubli,3714.873466
Dudi,3922.024493
Dughude,3438.0538779999997
Duguri,5140.453877999999
Duke,5722.827753
Dulong,3195.3240830000004
Dulumi,873.142857
Dumagat,4190.406529
Dumi,6330.174691999999
Dumo,5989.355105000001
Dumuna,17048.816321
Duna,17601.88081899999
Dungmali,7830.047342999998
Dungra,3699.6702
Dunne-za,1156.3363259999999
Dun,882.311837
Duriankere,840.071837
Durop,1668.2057140000002
Duruma,32615.679999999997
Duruwa,6070.595918
Dusnir,932.153469
Dusun,8427.885714
Duvle,3263.3469390000005
Duya,5371.794284
Dwang,5160.672654
Dyaul,824.372244
Dzalakha,4510.354289
Dzao,3363.08245
Dzob,8410.070206
Dzodinka,2894.7330610000004
Dzungo,8796.995917999999
Ealeba,866.690613
Eastern,1563.7420409999997
Ebang,5661.753471
Ebau,1955.5787759999998
Ebira,4813.792653
Ebrie,3337.038368
Ede,1599.764898
E-de,2959.386122
Edo,2895.360003
Edolo,2599.444899
Efate,11376.483266
Efik,1700.649796
Efutu,8268.930616
Ega,2198.099592
Eggon,3768.084898
Egum,766.40653
Eitiep,3535.1510200000002
Ejagham,6517.002447999999
Ekajuk,4293.198367
ekakairu,2165.4204089999994
Ekari,10867.408981000004
Ek,11005.074291000003
Ekpeye,1636.937143
Eleme,2644.453877
Eloyi,3458.4816330000003
Emai-Iuleha-Ora,829.936327
Emakhuwani,16366.915920000001
Eman,2381.322449
Emarrevoni,16558.915917
Embaloh,2746.0179550000003
Embena,14762.605714999998
Embun,850.5991839999999
Emera,1772.094694
Emerillon,1579.546122
Empeyeh,3589.825303
Enahara,13566.223672000002
Ende,5062.3216330000005
Enga,14012.003266999998
Engenni,2562.768979
English,343872.70531699975
En,3508.427756
Enwan,915.09551
Enxet,2814.772242
Eotile,2427.585306
Epena,1852.8130609999998
Epera,5674.6318360000005
Epie,1670.739592
Erakor,4252.212244
Erbore,5963.964082
Ere,6241.671837
Eritai,1901.740409
Ero,979.226123
Erohwa,3542.569796
Erukula,858.279184
Esaka,13869.871019000006
Ese,12576.052246000001
Eshira,2737.841632
Esimbi,5985.5673480000005
Eskimo,4617.92653
Espanol,113396.79349100002
Esu,2671.6734690000003
Eton,16577.044893999995
Etulo,5054.902859999997
Etung,1683.591837
Evand,6044.05551
Evea,841.012245
Evegbe,22766.419596000003
Ewe,12693.080819999997
Ewondo,3133.4661240000005
Exirima,44398.83754799999
Ezdiki,4883.435103
Ezekwe,944.013061
Ezza,3515.4808160000002
Fachara,2640.796736999999
Faiwol,6626.795101000001
Fali,12476.969791999996
Famaij,1349.12
Fanamaket,2193.867757
Fandanus,898.586122
Fang,3292.630204
Fantswam,2748.7085719999995
Fasu,4682.4751019999985
Fas,3576.7118360000004
Fataleka,5432.42449
Fataloku,2579.591835
Fauro,813.949388
Fautharii,979.147755
Felupe,5362.0244920000005
Fer,3840.5746950000007
Fijian,18100.871837
Finti,1875.461225
Fiome,2397.831836
Firan,3888.039183
Fitor,881.423674
Foe,13666.481630000002
Fongbe,9523.696328999999
Foodo,4730.671023
Foor,3173.537960999999
Fordata,22106.070204000007
Fore,2601.0644899999998
Frafra,30757.903676
Francais,107828.42775199993
Francique,1717.864491
French,879.438368
Frysk,834.899592
Fulfulde,135465.50858099997
Fulnio,1682.4163270000001
Fulu,2864.953469
Fungom,1627.663673
Fungwa,2333.3093879999997
Futuna-Aniwa,1784.946939
Fuvura,6796.120815
Fuyuge,829.727347
Gaai,4599.24898
Gaanda,2511.9085720000003
Gaa,1732.3624490000002
Gabri-Kimre,109276.34285400003
Gabri,1683.4873460000001
Gabu,881.502041
Gadaba,2060.2253060000003
Gaddang,781.949388
Gade,3255.745306
Gadsup,11213.21796
Gaeilge,6198.831022
Gaelic,772.388571
Gagamba,4841.743671
Gagana,2158.8636739999997
Ga,18388.819594999997
Gahri,5304.764083
Gahuku,11655.209794
Gaina,446.380408
Gaiobara,831.660408
Galambawa,791.405714
Galao,2719.5820390000003
galego,884.140408
Galek,875.1804079999999
Galela,19370.945306
Gali,3808.705306
Galubwa,866.768979
Galu,3304.803267
Gamai,2935.3273469999995
Gamit,2551.5885710000002
Gamognia,3230.6155090000007
Gam,802.429388
Ganaan,3541.446531
Ganagana,857.025306
G,11796.271022000003
gana,3259.6897959999997
Ganawuri,1209.391021
Gangam,4349.9102
Ganggai,3214.837551
Ganggalida,205.139592
Gan,9126.504488
Gangte,2513.893877
Ganza,1658.2008159999998
Gao,8300.48653
Gapa,2512.300409
Gapapaiwa,35313.867756
Garasia,6933.577142
Garea,760.137143
Garifuna,2446.628572
Garo,26256.953466000017
Garrwa,2937.2081619999994
Gavar,1642.370613
Gaviao,2129.3191839999995
Gawari,2576.9795919999997
Gawa,785.632653
Gayardilt,631.6930619999999
Gbabyi,2597.6163269999997
Gbanou,827.768163
Gban,1960.4375519999999
Gbari,4744.411428
Gbaya,2621.910205
Gbe,24175.07265200001
Gbereshe,5022.981224
Gbii,2819.082449
Gciriku,4298.866941
Gedeo,4121.155916999999
Geglep,790.9093869999999
Geji,2116.9110200000005
Gela,5544.7248979999995
Gelewa,1258.422857
Gengle,3602.573061
Gen,2258.912652
Gera,1563.4546930000001
Geremawa,8677.668568999998
Gergueko,2698.553471
Ghale,12972.538779999999
Ghanongga,5863.836736000003
Ghari,15201.593469
Ghayavi,29251.213059
Ghera,20224.548574999997
Ghorani,384.208979
Ghotuo,419.526531
Gikuyu,54265.521629
Gimi,3416.137143
Gimme,2242.5600010000003
Ginuman,5285.067753000001
Gio,2428.421224
Girawa,19922.337956
Gissi,1229.8448979999998
Gitx̱sanimx̱,3261.727347
Giziga,8316.604081000001
Gizra,1201.188572
Glavda,3641.704489
Glio,4827.8726529999985
Gnau,3503.621224
Goaria,1528.2155109999999
Gobu,1306.409796
Godwadi,1659.245715
Gofa,4828.708569999999
Gogo,52017.893877
Gogodala,29502.302043000003
Gohsave,829.439999
Gojari,1458.729795
Gojeri,1425.136326
Gokana,1690.932245
Gola,10585.155917999999
Golin,2475.702857
Gombologa,1395.069387
Gondi,22902.569788999997
Gonja,24873.874290000018
Gooniyandi,486.870204
Goran,889.730612
Gorontalo,8865.880814999999
Goto,415.973877
Gouin,4655.333875
Goula,2092.564898
Gourma,47040.54856900003
Gouro,3670.857141
Gowdalu,822.386939
Gowlan,2383.0987760000003
Goyogo̱ho,3108.8587740000003
Grangali,404.088164
Grebo,55710.249792
Greenlandic,1630.3281630000001
Gresi,1227.8073479999998
Groma,2399.79102
Gros,1409.645715
Guajajara,12659.382861000004
Guajibo,10372.545305
Guan,3460.205715
Guarani,34526.772240999984
Guarayo,6098.102858
Guarijio,2520.267755
Guatuso,2403.134694
Guayabero,2853.799183
Guaymi,2766.106122
Gubi,1239.431836
Gude,2817.7240819999997
Guduf,3563.83347
Gudu,1849.1559169999998
Guere,4538.853879000001
Guhu-Samane,4591.7257150000005
Guianese,1687.902041
Guider,16570.148570999994
Gui,413.518368
Gujarati,11725.949387000004
Gujara,711.2881639999999
Gujari,5224.986123
Guji,11470.524081
Gulaalaa,6301.701224
Gulfa,1804.695511
Gumas,383.817143
Gumatj,41071.98693699999
Gumuz,18142.693877999995
Gun,10588.316734999999
Gupapuyngu,1494.778775
Gurage,3910.582857
Guraso,3429.3289800000002
Gurawa,2358.883266
Gurenne,26881.828571999995
Gure,2582.2824490000003
Gurezi,1513.27347
Gurgula,1904.9012260000002
Gurindji,6049.90694
Gurung,62120.85551099995
Guruntum-Mbaaru,6476.591018
Gusii,36179.853060999994
Guugu-Yimidhirr,5837.897142
Guvoko,3402.971429
Guyran,836.205714
Gwabegwabe,390.530612
Gwama,1248.862041
Gwandara,15825.841634
Gwened,740.15347
Gwere,1786.1485710000002
Gwich´in,4643.422043
Gworok,2971.010612
Gyaazi,2480.95347
Ha-am,3589.4073459999995
Hadiyya,2930.0767339999998
Hadya,4152.372241
Hagaruhi,816.43102
Hahon,2175.503674
Haida,1721.7567339999998
Haigwai,589.557551
hailhzaqvla,750.341224
Hai,1091.944489
Hajong,19687.73224199999
Hakka,19921.632655
Halam,3518.798368
Halang,3861.4465359999995
Halia,923.115102
Haliti,8815.359998
Hallam,3223.196735
Halong,3897.338775
Hamtai,9002.083265
Handai,3181.2440810000003
Hanga,5424.300407999999
Hani,9947.402451999998
Hanidabo,1351.810612
Hanunoo,7288.999186
Han,883.644082
Haqniqdoq,15999.007342999997
Harakmbut,6281.038369000001
Haran,1667.709388
Hassaniyya,5209.234286999999
Hatam,2223.621224
Haununu,854.961633
Hausa,7547.454693000001
Havasupai,1351.471021
Hawaiian,427.650613
Hawrami,1901.1918349999992
Haya,2522.6187760000003
Hayu,11017.586938999999
Hazaragi,10268.159999999996
Hazong,10958.524084000004
Hedam,1203.330613
Hedi,6329.782857
Hega,4596.6889790000005
Hehe,1399.275103
Heiyoho,3873.175509
Helong,3614.8506109999994
Hema,3411.356734
Hen̓q̓emin̓em̓,1090.324898
Heso,660.871837
Hiaitiihi',3480.398367
Hidkala,2059.102041
Hills,6858.187757000001
Hindi,11826.337962000003
Hindko,89024.41795500001
Hindustani,7523.761634000002
Hinonoeitiit,1647.595102
hiraaca,772.989388
Hiri,8202.762448
Hixkaryana,23541.96898000001
Hlai,1646.706938
HLang,5152.731431
Hmar,5951.137958
Hmong,67183.33388199998
Hoava,5086.850611999999
Ho-Chunk,3562.213877
Hohumono,7775.921637999999
Hondo,1678.315102
Hopilavayi,3458.298775
Horom,6785.358369
Hotec,2731.41551
Hrangkhol,3486.4848979999997
Hre,4821.62939
Hruso,5643.258772000002
Hrvatski,10480.274287000002
Huageya,5525.002443999998
Hua,7516.7608119999995
Huambisa,855.196735
Huarijio,1610.840816
Huastec,7057.319183999998
Huave,15607.875916000005
Huichol,2145.358368
Huilliche,2421.3420400000005
Hui,9705.665306999997
Huitoto,1262.2889790000002
Hula,2499.030207
Huli,26447.699588000003
Humla,8395.363265000002
Hunjara,1647.124898
Hupa,721.449796
Hup,1673.351837
Hweang,786.3640809999999
Hwla,5179.820409000001
Hyam,12773.172243
Hyolmo,12667.742039
Iai,911.777959
Iakaikeke,865.854694
Iamalele,23599.595100999984
Iatmul,8951.797551
Ibaloi,5147.376327
Ibanag,9228.460407999999
Iban,20920.032636999997
Ibani,892.734694
Ibawana,442.958367
Ibibio,2594.3510220000003
Ibiro,2877.570612
Ibo,3847.497141000001
Iceve-Maci,3473.789388
Ichen,6113.750203999999
ichibemba,33367.79754699998
Idi,1426.99102
Idoma,3947.2326549999993
Idu-Mishmi,1710.49796
Iduna,33218.29877
Ife,16467.017137
Ifugao,36844.12082
Igala,2738.7559189999997
Igbo,4334.106121000001
Igedde,2619.533061
Ignaciano,5102.550205
Igo,2033.7371429999998
Iguta,5289.090611999999
Iha,2174.119183
Ijaw,10556.342857
Ije,2954.579592
Ik,7276.408164999999
Ikela,29145.704492
Ikiha,30229.733878999996
Ikolen,56056.372244000006
Ikoma-Nata-Isenye,2577.6326529999997
Ikom,1215.059592
Iko,832.705306
Ikwere,1322.161632
Ikwo,1640.019592
Ila,407.327347
Ilchamus,24439.32734000002
Illanon,924.499592
Ilocano,4833.593467000001
Ilokano,11391.216327999997
Ilonggo,7433.038367
Ilongot,3378.155103
Ilwana,21923.056333999994
Imandaya,3300.7281629999998
Imbongu,4994.638368000001
Inchazi,4851.435102
Indramayu,2018.533878
Inga,10472.881631000002
Inner,13318.530615000007
Inoke,11411.539590999999
Inor,2780.6824479999996
Intha,3453.074283
Inuinnaqtun,3017.142857
Inupiatun,9980.238369000002
In,1129.273469
Iowa-Oto,1492.89796
Ipiri,2887.418776
Ipugaw,11807.164078999998
Ipulo,7930.1224489999995
Iquito,1874.076735
Iranxe,809.482448
Iraya,3374.654694
Irigila,5774.628570999999
Irigwe,2560.3395909999995
Irob,2903.3012249999997
Iroroutu,2172.186122
Irula,16771.343674000003
Isamal,836.70204
Isaro-Sate,5956.440817000001
Isga,1265.031837
Ishan,8774.400001000004
Ishkashimi,387.36979599999995
Isindebele,4536.111023
isiNdebele,1596.316736
Isirawa,7265.358367
isiXhosa,21794.742858000005
isiZulu,32489.586943000002
Islander,5784.711834999999
Islenska,1586.7559180000003
Isoko,2812.9697969999997
Italian,6425.155912
Italiano,18335.190201000012
Itawes,1397.916735
Itawit,3119.3338770000005
Itbayat,1027.918368
Itcha,2394.697142
Itneg,13095.235920000003
Itonama,3452.760815
Itsekiri,2147.239184
Itza,3481.4693880000004
Iu,14148.545304000001
Ivatan,1072.796734
Ivbie,608.574694
Iwaidja,845.897143
Iwal,1005.479184
Iwam,4942.367346999999
Iwaro,2223.960816
Iwongo,1600.182857
Ixil,6616.163266
Iyara,2700.199184
Izere,5220.101224
Izzi,1319.1836739999999
Jaba,3539.304490000001
Jaban,2195.5657140000003
Jacari,844.016325
Jagalati,395.258776
Jagoi,3666.625305
Jahanka,2422.726531
Jaipuri,2781.988572
Jakalteko,5298.233468000001
Jakati,333.035102
Jakattoe,1947.872653
Jakun,2019.604898
Jamaican,1309.204898
Jamamadi,5161.430206
Jaminawa,32270.576320999997
Jamweti,3031.510204
Jandavra,2025.3257129999997
Janggali,3320.267755
Jangkang,3692.8261269999994
Jangshung,10314.971431000002
Janji,2657.7240819999997
Japanese,9426.076738000002
Japreria,2646.5959199999998
Jaqaru,2152.3330619999997
Jarai,13096.306943
Jarawa,2437.459592
Jarawan,1569.59347
Jarawara,9564.551838000003
Jarra,899.9706120000001
Jarwony,964.336326
Jaunsari,3268.8326530000004
Jawa,14767.046532999997
Jawan,2666.5534720000005
Jebero,2550.9355100000002
Je,2223.56898
Jeh,3933.6228579999993
Jejmei,2023.4448979999997
Jelai,2773.472653
Jenaama,2251.31102
Jen,4324.728164
Jera,2476.956734
Jere,2398.902857
조선말,12086.857141999999
Jiarong,2329.443265
Jibana,833.724082
Jibiyal,817.214694
Jibu,5808.039186000001
Jicaque,1585.5020409999997
Jimi,914.991021
Jingpho,9824.391838
Jino,2335.1118359999996
Jinuo,1977.70449
Jipal,1677.97551
Jirel,8894.040813000001
Jirim,5938.311836999999
Joaquiniano,715.3110200000001
Joba,1871.177143
Jo,1881.391021
Jogi,1769.116738
Joju,1625.364898
Jola,1053.204898
Jola-Fogny,7502.654697
Jola-Fonyi,14576.039190999996
Jola-Kasa,11292.212248999997
Jru,1226.501224
Juango,354.61224500000003
Jubbali,3302.582856
Ju,27282.364079999985
Jukun,15672.424489
Julakan,22078.24980100001
Jumjum,1887.2163260000002
Jur,16909.400815999994
Jwira,2368.679184
Kaapor,3889.7632660000004
Kaba,15937.280003999993
Kabalai,9406.432652999998
Kabola,6237.100408999999
Kabulowen,1722.4881629999998
Kabye,28899.86611799999
Kacecere,2797.296327
Kachama-Ganjule,2378.8146939999997
Kacipo-Balesi,23409.946127
Kadara,2447.490613
Kadar,4450.533876
Kadazan,21489.737144999985
Kadiweu,10113.671837999995
Kado,8347.872653
Kaduo,2401.906939
Kaerntnerisch,3421.022041
Kafa,23107.709382
Kagoma,2057.586939
Kagoro,1771.3371419999999
Kahugu,2623.4514280000003
Kaikadi,440.189387
Kaike,6339.265306999999
Kaili,22866.625306999984
Kaingang,25602.821223000003
Kaipeng,3365.146122
Kaipi,2692.1012250000003
Kaiso,1277.23102
Kaivi,3384.267755
Kaiwa,32428.982867999992
Kajin,320.41796
Kakabai,41815.06612499999
Kakamai,6916.623672
Kakataibo-Kashibo,1290.292245
Kakchikel,3102.1975520000005
Kako,7293.570613999999
Kakwa,35235.735511
kalaallisut,877.322449
Kalabari,2592.417959
Kalagan,3811.73551
Kala,1940.218776
Kalam,3100.238365999999
Kalamo,3356.0293859999992
Kalamse,1502.6416330000002
Kalanga,6646.857143000002
Kalangoya,3681.619592
Kalasa,20645.903673999994
Kalasha,245.916735
Kalatdlisut,817.92
Kaliai-Kove,2424.189388
Kaliko,3460.336327
Kalinga,29178.357552
Kalispel-Pend,2241.2799999999997
Kalo,904.4897970000001
Kalou,2852.8065300000003
Kaluli,8055.405715000002
Kalumpang,3377.658774
Kamaiura,5965.191836999999
Kamanawa,1835.154285
Kamano-Kafe,10917.537959
Kamantan,3098.4620430000004
Kamara,2712.032653999999
Kamasau,839.7061219999999
Kamayo,1752.6857149999996
Kambaata,2346.057144
Kambaira,781.662041
Kambatta,8455.157550999998
Kambera,5414.582856000001
Kambe,829.6751019999999
Kambole,4939.232652000001
Kambrau,2186.083265
Kambu,2487.275102
Kami,4951.196737
Kamnam,857.103673
Kamo,1704.5942850000001
Kamuku,4361.168979
Kamula,1995.284899
Kamviri,752.195918
Kamwe,3033.7567360000003
Kam,2594.9257150000003
Kanamari,3358.1714300000003
Kanasi,105179.66366700002
Kanauri,9581.766531
Kandas,1263.9085719999998
Kanembou,7324.813061000001
Kangkanai,825.025306
Kanienkeha,3459.631021
Kanikkaran,1739.31102
Kaninuwa,19439.647344000005
Kanite,1736.515919
Kanjari,12695.640818
Kanjobal,4417.828571999999
Kantosi,2606.1061219999992
Kantuk,2773.5248979999997
Kantwai,385.253877
Kanufi,2759.732244
Kanukuru,2082.1681639999997
Kanum,1701.0416329999998
Kanuri,31506.494703999993
Kanyok,1970.6253060000001
Kaonde,21236.558366999998
Kapampangan,2684.6302049999995
Kapsikye,5077.995105
Kapuas,22268.23837
Kapya,4024.9730600000003
Karaboro,6706.364082
Karaja,1801.8220410000001
Kara,13956.545305000001
Karambai,3822.680816
Karamojong,24824.29387900001
Karang,6146.951839
Karaube,453.825306
Karawa,2682.6971409999996
Karbi,9291.624489999998
Karen,92969.84815600002
Karfa,3363.918367
Karimjo,2429.805715
Karitiana,4087.0661200000004
Kari,838.347755
Kariya,1642.03102
Karmokar,10335.712651999995
Karnai,1596.499592
Karobe,861.675102
Karonika,3940.780408000001
Karon,3390.432653
Karoto,821.4465299999999
Kartaplas,1560.11102
Kartsikng,6047.555919000001
Kasem,60728.18939199999
Kasenga,455.131429
Kashinawa,14377.038365999999
Kashmiri,8462.08
Kasiguranin,3415.928161
Kasseng,1589.106939
Katang,5495.144488999998
Katarak,3698.494693
Katcha,4106.7624510000005
Kathodi,782.262857
Kati,2311.7322440000003
Katingan-Hilir,2778.488164
Katingan,2511.333876
Katla,3899.977141
Kattunayikar,6691.10857
Katu,2419.9575520000003
Kau,12607.216329000003
Kaulong,2586.6187760000003
Kauma,386.063673
Kaure,7422.61551
Kawe,927.5820409999999
Kaxuiana,930.742858
Kayabi,2613.0808180000004
Kayah,18784.313472999995
Kayam,5055.085714
Kayan,25310.48490099999
Kayaurinci,3352.032653
Kayaw,822.961632
Kayik,3540.558366
Kayort,3183.568978000001
Kayu,2805.1591829999998
Kayung,2178.899591
Kazakh,2824.5942880000002
Keakalo,5674.396735
Keaka,823.066122
Keapara,8806.243257999999
Kebar,2673.0579589999998
Kebu,20243.800826000002
Kebutu,2160.352653
Kedjirrum,967.000817
Kedzo,1721.234285
Keherara,3324.2383659999996
Kei,12271.77796
Keiyo,17306.514289999992
Kejia,5935.882449000001
Kejom,5192.881633000001
Kelabit,1249.0187770000002
Kele,2478.6546940000003
Kelong,3575.536327
Kemak,4390.269388000001
Kemedzung,5818.148571
Kemtuik,4238.158364999999
Kena,1317.459593
Kendari,1655.04
Kendem,2299.585305
Kenedibi,1311.660408
Kenga,6249.613062
Keninjal,2669.113473
Kenkera,815.725715
Kenyah,53215.68652599996
Kenyang,6931.226121
Kera,6767.673471000001
Keraikerai,8943.151014999998
Keres,7608.058775
Kerewo,5639.7322460000005
Kermanci,777.247347
Ketengban,13723.872657000007
Ketungau,2460.89143
Keveri,768.574695
Kewapi,2847.320817
Keyagana,8721.580407000001
Kgalagadi,2302.249796
Khadia,5610.3706139999995
Khaling,22516.11428200001
Khamba,5593.7044909999995
Kham,28165.041632000004
Khamet,386.61224500000003
Khamti,3019.3632659999994
Khamu,10193.632654
Khamyang,4789.106939
Khana,1261.453062
Khandesi,5380.911023000001
Khasi,28740.362448999993
Khassonke,1738.370612
Khatak,1544.881633
Khe,2626.821227
Khe-Hakka,3890.33796
Khengkha,6217.325714999999
Khisa,7413.603264
Khmu,1988.075102
Khoekhoegowab,4112.169796
Khond,831.5036729999999
Khun,1263.307755
Khwedam,762.984489
Khwe,22715.79429000002
Kianing,3037.8318360000003
Kibali,26960.561631999994
Kibangubangu,3410.364082
Kibila,4257.3844899999995
Kibira,3954.834285
Kiboma,1573.511837
Kibudu,4849.345306
Kidinga,583.732244
Kiembu,16266.997546999999
Kifulero,3157.9689780000003
Kigiryama,9336.0849
Kihavu,2459.768164
Kiholo,1167.647346
Kihungana,1422.733061
Kija,2935.7453060000003
Kijita,3667.644082
Kikalanga,2509.583673
Kikamba,46143.94776000002
Kikango,5968.535510000001
kikapu,2702.445714
Kikomo,19836.316735999997
Kikongo,12318.432653
Kikouni,1706.03102
Kikwange,1495.8236729999999
Kikweso,1581.531428
Kilaangi,41671.340407
Kilega,3771.6897959999997
Kilendu,4371.72245
Kilesi,2971.036735
Kilika,1231.229388
Kilmeri,2706.1289800000004
Kilori,424.280817
Kiloumbou,1285.7730609999999
Kilua-Kisonde,1438.2236739999998
Kiluba,15680.705311000005
Kilumbi,621.322449
Kimbote,5175.431836
Kimbuba,2532.597551
Kimbundu,1772.982857
Kimbuti,1270.0473470000002
Kimbutti,2047.791021
Kimeru,31985.528162000002
Kimwani,24438.543672000018
Kim,3980.538776
Kinabatangan,8937.142858
Kinandi,9311.059593
Kingangoulou,1628.0816320000001
Kingoli,1539.291428
Kingwana,2175.1902040000004
Kinnauri,20284.708576999994
Kinugu,852.662857
Kinyabemba,5732.597552
Kinyali,3895.9020399999995
Kinyamwezi,39769.312656
Kinyanga,1372.8653060000001
kinyaRwanda,56501.420411
KiNyaturu,26222.315104000005
Kinyisanzu,43049.32571599998
Kinzadi,278.804898
Kipende,2954.2922439999998
Kipsigis,35860.166531
Kiraman,1634.690612
Kire,15829.577145000008
Kirifi,1654.961632
Kirike,838.2171430000001
Kiriwina,8342.413066000001
kiRundi,45041.52816500002
Kisafwa,2438.321634
Kisakata,1651.0171429999998
Kisanga,2827.4938779999998
Kisar,3439.412245
KiSegeju,21039.07266000001
Kisengele,1636.4408159999998
Kisimimbi,4610.977959
Kisi,6819.239181999999
Kisonga,1728.444082
Kisonge,1035.1281629999999
Kisongola,840.515918
Kisongo,1131.676734
Kissi,44836.10122699999
Kisubi,28978.233468000002
Kisuku,2037.002449
Kisukuma,33479.000816000014
Kis,2221.740409
Kitalinga,3920.9795910000003
Kitali,1824.0
Kiteke,5684.584489999999
Kitembo,1844.897958
Kitharaka,1656.9469379999998
Kitiene,2432.2351019999996
Kitimi,2659.970612
Kituba,28259.108570000008
Kitubeta,18356.871840999996
Kiwai,21659.637556999984
Kiwenye,1000.202449
Kiwollo,2663.262041
Kiyansi,2028.1469379999999
Kiyogo,2389.7077550000004
Kizalamo,1684.636734
Kizimba,2442.8408159999994
Kizura,788.845714
Kmiai,1727.0857150000002
Koalib,10286.288974
Kobahan,2633.1689800000004
Kobon,1798.765713
Koch,1960.9338789999995
Koda,6097.632650999999
Kodei,2667.807347
Kodi,2082.45551
Koenoem,2630.530614
Kohistani,767.059592
Koho,7416.816328000002
Koiari,878.576326
Koitabu,1802.893061
Kokan,865.3583669999999
Kok,19903.346941000007
Kokborok,2754.507757
Kok-Borok,3683.2130620000003
Kokoni,771.2914280000001
Kola,6614.909390000001
Kolami,14721.750209999997
Kolana,2600.829388
Kolha,812.5910210000001
Koli,6376.306937
Kol,817.9200000000001
Koluwea,445.309388
Koma,5959.288163000002
Kombai,4316.16
Kombio,3697.0579589999998
Komering,5918.955103
Kom,13054.432650000002
Komo,2086.844081
Komso,2540.8783670000003
Konabere,3298.4032669999997
Konai,4200.9338769999995
Konda,4807.079184
KongGe,2765.4269389999995
Konjo,24265.012250000007
Konkani,19644.630205999994
Konkomba,20941.244088000007
Konni,18878.328164
Kono,54904.842432000005
Kool,3482.6448970000006
Koonzime,5742.94204
Koorete,1835.6506129999998
Koo,2194.703673
Korafe,6652.786938000001
Korafe-Yegha,916.3493880000001
Koranko,22512.457143
Koraru,1692.734694
Kora,2579.513469
Koresh-e,2017.3844879999997
Koriki,2447.8302040000003
Korku,13806.785307999999
Koro,14306.220409
Koroernoes,960.2873460000001
Koromfe,1732.414694
Koromira,4246.909387
Koromu,739.082449
Korowai,33056.809797999995
Kortala,1869.3485719999999
Korupun-Sela,3467.5461210000008
Korwa,4260.702042
Koshin,2705.110202
Kosrae,820.976327
Kotafon,2480.013062
Kota,1247.8171419999999
Kotkhai,1663.294694
Koubitcha,1756.7346939999995
Kouka,1247.7387760000001
Koulango,5707.467756
Kounoua,1305.6522450000002
Kouya,2157.191836
Kovai,13625.782857999995
Kovio,712.463674
Ko,2506.422857
Koyaga,3763.879183
Koya,18275.631022000005
Koyo,1671.13143
Kpan,6826.553469
Kpasham,2569.37796
Kpatogo,4912.6661220000005
Kpelle,28948.062042999998
Kpessi,4513.671832999998
Kploa,1501.492245
Krachi,22814.249794999992
Krahn,10418.677552
Kreyol,29824.548575
kreyol,776.150204
Krikati,2666.135509
Krim,15096.607348999996
Krio,22322.468568000004
kriolu,1197.949389
Krisa,2545.4236739999997
Krobu,2633.639184
Krongo,3266.429388
Kroo,2885.799184
Kroumen,4455.366531
Kualan,5107.200002000002
Kuanua,6614.465305000001
kuanyama,4127.634286999999
Kubing,2068.662857
Kubi,836.519183
Kucha,4239.464489999999
Kudiya,4946.782039999999
Kugama,3229.1265300000005
Kugbo,843.4155109999999
Kui,19500.277553
Kukele,4012.1730620000008
Kukna,3817.012246
Kuku,3756.930612
Kuku-Yalanji,4516.545306
Kulango,2381.4530609999997
Kulere,5922.272653
Kulfa,4374.987755
Kulina,8543.294695999999
Kulisusu,2177.0187750000005
Kulunge,5312.156733999998
Kulung,2651.167347
Kumam,370.72979599999996
Kuman,44110.02775500001
Kumbar,759.405714
Kumbewaha,3022.184491
Kumera,1786.3314289999998
Kumhali,5154.455510000001
Kuna,10331.768164000001
Kunama,7105.959185
Kunchi,1544.411429
!Kung,37825.04489300002
Kuni-Boazi,1258.5534690000002
Kunimaipa,12223.477548000004
Kunwinjku,26183.314281
Kupiya,2053.01551
Kupsapiiny,863.9216329999999
Kupto,1406.145306
Kurama,1702.713471
Kuranko,23355.167348999992
Kure,2700.852245
Kuria,16172.747752000005
Kurichia,2309.250614
Kuri,1758.928979
Kurmanci,3780.7281629999998
Kurmanji,5542.034286
Kurti,3749.3289770000006
Kurtokha,5172.532245999999
Kurukh,10357.968979
Kurumba,7795.748572000001
Kurumbas,774.373878
Kurux,1039.856327
Kusaghe,4896.339593000001
Kusal,19425.95918299999
Kushani,401.867755
Kusheen,2640.5355099999997
Kushi,1259.833469
Kusur-Myet,1211.29796
Kuteb,6909.335510999999
Kutin,836.336327
Kuturmi,4097.906937
Kuuk,2083.5004080000003
Kuuku-Yau,3719.131428
Kuvi,6840.1632660000005
Kuyigu,3281.1102050000004
‡Kvj,2527.791022
Kwaio,9399.797551000001
Kwaja,1745.7371429999998
Kwakum,1523.617959
Kwak̓wala,6136.920818
Kwala,2625.906939
Kwalmaluwapo,814.889796
KwaMashi,9507.317540999997
Kwanaula,441.861225
Kwangali,4113.711019
Kwanga,5934.106123
Kwangei,779.7289799999999
Kwang,1274.514287
Kwangwa,10049.854690999999
Kwanja,4944.013062
Kwaraae,7504.718364999998
Kware,2634.4489799999997
Kwa,3097.260408
Kwerba,3531.102043000002
Kweteberetuv,3009.6195940000002
Kwete,2731.5983690000003
Kweyol,2411.62449
Kwini,459.284898
KwinPang,805.694694
Kwomtari,3443.487347
Kwondja,1654.151837
Kwrom,5611.284899
‡Kxauǁeisi,207.46449
Kyaka,5876.845714999999
Kyak,3492.832652
Kyerung,6130.625305
Kyoli,3480.084898
Kyrgyz,3127.928161000001
Laalaa,1171.696326
Laari,31868.238363000008
Laarim,784.352653
Labogai,6035.435100999998
Labo,210.625306
Labuain,917.733877
Labuhan,5980.917551999999
Lacandon,2148.205715
Lachid,2508.3036720000005
Ladakhi,52462.680821
Lagenyan,862.8506130000001
Lagwan,1706.65796
lahatua,5999.934697000001
Lahouli,2763.7289829999995
Lahta,1989.7208139999998
Lahu,38962.886523000016
Laimbue,5789.23102
Laizo-Chin,3251.2522449999997
Laka,4612.336329000001
Lakha,4029.9624490000006
Lakhota,3368.4636729999997
Lakhotiyapi,6095.8040820000015
Lakona,3112.5420379999996
Lala-Roba,9649.998371
Lalia,805.564082
Lalla,3963.4024499999996
Lalu,3271.836735
Lama,6282.396736000001
Lamang,3720.933877
Lamap,2666.4751029999998
Lamba,37190.97469700001
Lambadi,4744.907752
Lambani,5718.831021
Lamboya,2588.05551
Lambya,1814.5697969999999
Lame,1174.204082
Lamenu,3558.034285
Lamholot,2834.7036740000003
Lamkang,2434.220408
Lamnatu,1800.9077549999997
Lamnso,15816.228573000006
Lampung,10671.307756999997
Landorgoh,20450.377139999986
Landouma,2665.822041
Langa-Langa,1766.0081640000003
Langas,2786.56
Langbasi,833.6979590000001
Lango,2704.561633
Langsu,2873.521629
Lani,16869.120001999996
Lanten,8126.040816000001
Lao,27012.67592000002
Laro,4873.691426999999
Larteh,3535.9869369999997
Laru,831.503674
Latviesu,9834.684083999999
Lauje,3547.951021
Lauli,4407.275104
Laura,2649.626121
Laur,2414.6546940000007
Lau,10254.262852
Laveh,3324.708571
Laven,817.371429
Lavongai,2512.1175490000005
Lavukaleve,870.164898
Lawa,8548.493062
Lawangan,6535.732244000001
Lea,20275.879182999997
Lebang,2792.0718369999995
Leco,5518.733066
Leelau,2616.241632
Lega-Mwenga,27115.964081000006
Leipon,1344.3657139999998
Lele,35869.62285800001
Lelemi,16213.289796000001
Lelepa,1664.261225
Lembak,2121.9004079999995
Lembena,1911.0138780000002
Lemoro,3188.48
Lenakel,6451.226124000001
Lendunga,2509.792653
Lengo,31713.541220000006
Lengua,5193.613061
Lenje,410.514286
Lenkau,804.466938
Lenyima,3442.755919
Lepcha,11579.924895999999
Lepo,2735.8302029999995
Lesser,822.439184
Letemboi,1129.247347
Letti,703.425306
Leviamb,1680.3787760000002
Lhaovo,2606.0538779999997
Lhao,6928.561632999999
Lhokpu,4099.7616290000005
Lhomi,6105.391023999999
Lhowa,10191.098776
Libango,1189.590204
Li,52460.40816099995
Libati,2384.692245
Liberian,12264.254693000003
Libido,3566.706938
Libinza,1159.079184
Libo,6300.865306999999
Libua,1702.452245
Lietuviu,9619.330609999997
Ligbi,20542.197555000006
Lihir,1215.503673
Likile,1264.43102
Likpe,2588.342858
Lik,2307.9183649999995
Likuba,2066.651429
Likwala,1942.308571
Lilam,647.6277540000001
Lilima,4325.459588000001
Limanga,8120.215512999999
Limba,23645.701226999998
Limbai,5133.714288000001
Limbu,55435.781221000034
Limbum,7396.57143
Lindunga,849.946122
Lingala,57462.334698999985
Lingelima,1649.2930609999999
Lingit,1372.264489
Linoh,2780.9697960000003
Lipoto,431.568979
Lipo,6489.155915
Lish,4155.428572
Lisu,35104.522441
Loarki,147.644082
Lobala,1616.3787750000001
Lobi,2972.6040789999997
Lodha,11531.180407
Logba,2645.6032649999997
Logea,20432.22204099999
Logo,12165.851428
Logooli,28075.128162000005
Lohar,4452.754287999999
Lokaa,2106.1746940000003
Lokele,1598.772244
Loko,15557.642444999994
Lokoya,3369.717553000001
Loksado,12066.795097999995
Lokutu,2365.910204
Lokwala,6737.763265
Lolenge,1431.013878
Lolia,4679.915102
Loloda,3454.1191859999994
Lolowodji,1492.088164
Loma,12482.768973000002
Lomia,2245.407346
Lomitawa,426.893061
Lomongo-Lonkundu,3236.702042
Lomwe,26853.79918600002
Longando,2519.8236740000007
Long,30816.862037000006
Longgu,1767.941225
Longsout,3279.0726550000004
Longuda,10653.910206999999
Loniu,2685.022041
Lonkutu,2654.7983670000003
Lontomba,7855.386121999999
Lonwolwol,1718.1779589999999
Lopawa,3140.127346
Lopevi,1531.533061
Loraming,2537.37796
Lotha,1692.995919
Loven,1614.524082
Love,718.733061
Low,2890.2661230000003
Lo,849.449796
Loyembe,1596.813061
Luang,7520.679183
Lubila,3271.888979999999
Luchazi,8996.649792999999
Lucigga,1295.281632
Ludama,894.7722449999999
Lufu,2794.0571430000005
LuGaanda,32038.89632100001
Lu,1423.490613
Lugbara,8971.990207
Lughulu,2247.88898
Lugisu,1818.723266
Luhya,5724.630206000001
Luidakho-Luisukha-Lutirichi,3496.96
Luimbi,935.418776
Lukonjo,471.45796
Lukshi,1648.1175509999998
Lumun,2104.2677559999997
Luna,4396.1991849999995
Lunda,22233.469389
Lundaye,16751.098774000002
Lun,5781.028574
Lunga,15051.833470000012
Lungendi,989.648979
Lunyule,1384.2024490000001
Luritja,1353.534693
Lushai,24516.70204199999
Lusoga,31431.235916999995
Lutachoni,22919.00081300001
Luunda,2609.371429
Luvale,28558.994283999986
Luyia,51368.85549999998
Luz,834.089796
lwaa,14375.810614
Lwena-Luvale,353.854694
Lyele,2150.870204
Lyngngam,6041.495513
Maan,21095.706121999992
Maanyan,19545.182040999996
Maasai,795.297959
Maa,381.44
Mabaan,34758.896324
Mabas,988.577959
Maba,7264.182855999999
Mabinza,729.678367
Mabu,2002.4424490000001
Maca,1302.517551
Machame,1883.7942840000003
Macuna,4794.14857
Mada,10976.809792000004
Madak,2124.5126510000005
Madi,11459.056325999996
Madihadeni,2173.622859
Madik,1700.649796
Madwadi,5803.9379610000005
Mafa,11105.593469999996
Magar,26074.932244000003
Magkonana,1069.97551
Magleri,1870.3934689999996
Maguindanao,2504.9861220000003
Magyar,20114.520815000003
Mahali,2249.822041
Mahanto,1699.056326
Mahar,849.998368
Mahg,3791.1510200000002
Mahi,3555.108572
Mahou,9236.480005000001
Mahsudi,1759.634286
Maiadomu,49954.97795699997
Maiali,403.043265
Mai,12407.510205
Mailu,7926.987756
Mairasih,1743.621224
Maisin,2238.119183
Maivara,892.055511
Maiwala,2426.56653
Maiwa,1572.205715
Maja,1796.7020400000001
Majhi,23926.64816399999
Makaa,2525.361629
Maka,3142.6873460000006
Makah,2017.802449
Makaleo,785.319183
Makasae,1835.7812250000002
Makassai,3361.5151020000003
Makassar,14290.625304999994
Mak,1568.3134699999998
Makerupu,8418.847346
Makhuwa-Meetto,23893.080815999983
Makonde,25695.973877999986
Makong,909.0873470000001
Makua,2544.039185
Makushi,9758.380412999999
Makwe,3389.3877529999995
Malagasy,111477.81223600007
Malakhel,390.034286
Malakula,1727.3991839999999
Malango,4685.688160999999
Malayalam,5213.648978
Malay,135988.55837399996
Malayic,9822.850613999999
Male,33359.203260999995
Maleng,2505.691429
Maleu,3936.5485710000007
Malgwa,17606.582855999994
Mali,2827.5722450000003
Malinke,3646.093062
Malo,20925.910203000003
Mal,6447.804082
Malshawm,1713.6587749999999
Maltese,4307.983673
Malto,5563.428573999999
Malvi,12961.802454000004
Mamanwa,2013.0220410000002
Mamasa,12148.297139999999
Mama,3160.032653
Mambae,2068.6106090000003
Mambai,5596.290612
Mambay,1676.068571
Mambila,4191.712654000001
Mambwe,636.7869390000001
Mam,12062.432651000001
Mamhoaf,5500.865306
Mampruli,16617.769793999996
Mamuju,3344.457144
Managalas,3343.568979
Manam,9502.171426999997
Manambu,9410.847346
Manchinere,7427.030204000001
Mandari,4095.5559150000004
Mandar,6990.210611999997
Mandaya,893.283266
Mandera,1667.787756
Mandiali,3183.098775
Mandinka,13523.670214000007
Mandja,848.5616319999999
Maneta,2999.275102
Mangarayi,3754.1355089999993
Mangar,3052.0424469999994
Mangas,5380.3885709999995
Mangbetu,1814.491429
Mangbutu,9820.969795
Mangseng,2338.2987770000004
Maninkakan,23742.406532
Maninka,2138.644898
Manis,3945.012245
Manjaco,20763.637552000004
Mankayn,2641.5542870000004
Manmit,2427.08898
Mannan,1612.094693
Manobo,17223.418777000003
Mansaka,821.707755
Mansoanca,1831.079184
Manubara,2096.4310210000003
Manuhing,3240.54204
Manusella,1709.8971430000001
Manya,21259.389389000004
Mao,2707.278371
Maonan,3282.102857
Maori,3369.7697939999994
Maphod,2730.370611
Mapia,3112.4114269999995
Maprik,10130.390200999998
Mapudungun,12133.825309
Maraka,2483.278367
Mara,2250.3444900000004
Maranao,3875.1346940000003
Maranse,3571.931428
Mararit,3512.7640810000003
Maratus,12740.231832000005
Marau,854.177959
Mare,1732.70204
Marghi,5294.628572
Maria,29314.533877999995
Mariko,397.061225
Marind,2495.425306
Maringe,1805.0873470000001
Mari,2110.066938
Markweeta,2514.2595929999998
Marma,27952.509385999998
Maropa,2045.6751009999998
Marovo,4528.431018
Marquesan,5268.4016329999995
Martu,32665.73060699999
Marubo,9753.260408000002
Marwari,19447.771426000007
Marwat,1708.460409
Masaaba,1729.097144
Masam,4145.502040999999
Masana,3876.963266
Mashi,6152.01959
Maskelynes,1932.434286
Massalit,2444.69551
Massana,5715.226123
Massangou,2088.933878
Mastanawa,9571.552655
Mataita,888.42449
Matal,4931.134696000001
Mataru,894.432653
Mat,6573.0089800000005
Mathura,1768.515918
Matigsalug,1303.4840829999998
Matis,4708.780407000002
Matlatzinca,1401.91347
Matses,7161.495510999997
Matsungan,6434.742857000005
Matumbi,37160.045709
Mauchi,5535.137959
Maung,1343.9477550000001
Mauta,3548.447347
Mauwake,2206.4848930000003
Maviler,789.524898
Mawa,1611.337143
Ma,780.695511
Maw,394.657959
Maxakali,3486.981227
Maya,11799.66694
Mayau,2828.1208159999996
Mazahua,9484.982857000003
Mazateco,37048.555104000035
Mazatec,5208.424486999999
Mbati,1158.4261230000002
Mbato,1252.754285
Mbat,2124.826122
Mbaye,8561.502043
Mbelime,7111.366532
Mbembe,13950.824491999996
Mbere,1882.566528
Mbeti,1344.705306
Mbe,2465.0187750000005
Mbinga,797.910204
Mbochi,689.0840820000001
Mboi,6194.7820409999995
Mboko,1856.313469
Mbomboh,2264.528979
Mbonge,416.600816
Mbore,4890.25306
Mboum,1676.303674
Mbo,795.219592
Mbula,2133.629387
Mbulungish,1692.5257139999999
Mbulu,1662.850612
Mbum-Ngongue,2933.760002
Mbum,6053.616328
Mbunda,3457.5934700000003
Mbundu,1595.7159189999998
Mbwol,886.465306
Mbya,38698.47510100003
Meaun,346.56653
mebengokre,43921.55428399997
Meche,5907.774695999999
Medlpa,8309.028572
Meen,18754.481639999995
Mefele,1544.202449
Megam,3514.2008189999997
Mehim,7633.528165000001
Mehinaku,4841.508569999998
Mejimba,3516.342857
Melahui,2838.177962
Melamela,800.7053060000001
Melaripi,2097.763264
Melayu,109244.26448699983
Mele-Fila,5758.615512000001
Melokwo,2616.241632
Memba,9065.795918
Mende,89184.20897999995
Mendi,4248.137143
Menemo,834.9779599999999
Mengaka,3381.1069390000002
Mengisa,2833.6065319999993
Menik,2930.2595920000003
Mentawai,4132.02286
Mentuka,2789.459592
Menya,3064.032656
Menyumbung,3909.355102
Mephaa,24912.901222000004
Merelava,9767.392650999996
Merniyang,898.403266
Mesaka,5133.087347000001
Mesakiin,2534.974697
Mesawa,3052.2253059999994
Mesengo,1878.125714
Mesme,9347.526532999998
Mesqan,1900.69551
Mesquakie,3511.536327
Metatamae,6181.590205999999
Metlatonoc,27002.488168999993
Mewadi,6888.437551
Me-Wuk,1653.786122
Meyah,14505.665305999999
Meyambre,5027.839998
Mfe,1742.027755
Mfumte,2718.746123
Mgira,3056.4832639999995
Mianka,8533.916733
Mianmin,4100.310206
Miao,77174.98776499998
Mid,1732.832653
Miere,912.404898
Migaama,798.354287
Migili,3212.512653
Migmaq,823.066122
Miju,10918.086532999996
Mimika,6645.916735000001
Minangkabau,2246.3477550000002
Minavega,3350.9355100000002
Mina,696.4506120000001
Mindri,2105.652244
Mingrelian,1293.453061
Miniafia,1778.364082
Minjia,3208.9600000000005
Miqie,2866.782041
Mirana,780.1208160000001
Mirgan,846.994286
Miri,899.9967340000001
Miriwung,1547.3893869999997
Misak,28965.720815999994
Mishing,1741.4008159999998
Miship,5350.008161999999
Mishmi,1084.029388
Misima-Panaeati,24637.17877300001
Miskito,5985.854695
Missong,1744.9012260000002
Mitsogo,7232.679186
Mixe,27963.559186000017
Mixtec,96509.64898200014
Mixteco,179174.71348800004
Miya,2824.280815
Mizo,35819.93796
Mmen,3119.4122429999993
Mmugut,3625.9004070000005
Mnong,7678.432654
Moba,11593.064491999998
Mobeur,826.749388
Mobou,1774.4718370000003
Mocovie,4841.325713000001
Modang,2481.867758
Moda,1322.605714
Modoc,3377.293063
Mofan,1593.5738780000001
Mofu-Gudur,765.936327
Mofu,1967.281633
Moghamo,4073.456326000001
Mogiala,5145.730611999999
Mogofin,2276.832654
Mohave,3041.358367
Moi,6552.241631000002
Moire,5822.2236729999995
mojukru,6356.297144
Mokpwe,3436.48653
Molbog,2643.0693879999994
Moldoveneste,2606.0016319999995
Molima,899.604898
Moli,5143.066121999999
Moma,3772.133877
Mombesa,3537.2146940000002
Mongbandi,1147.350204
Monghsa,12780.956736
Mong,3026.9910189999996
Mongo-Nkundu,1606.347755
Mon,6816.653062
Moni,7536.352653999999
Monjombo,1288.0718349999997
Monkole,6269.204899
Mono,3643.5069389999994
Monogoye,5611.676732000001
Monpa,29614.15836600001
Monsang,829.6489799999999
Monshang,852.114286
Montagnais,848.979592
Mooi,3204.702041
Moopan,800.548571
Moore,42252.878377
More,5872.483268
Moresi,753.50204
Mori,13207.013871999998
Morigi,3299.4742880000003
morisyin,3317.7077550000004
Moroccan,3059.199999
Morokodo,4087.614696
Moro,9303.902042
Moronene,4414.850612
Morraid,1484.068571
Morta,975.2555110000001
Mortlockese,923.84653
Moru,11357.753467000002
Mosemah,747.885714
Moseten,4803.8922459999985
Mosuo,4375.170614
Mota,5335.431837
Motilon,889.8089799999999
Motozintleco,1738.710204
Motu,10972.159998000003
Motuna,4953.7828580000005
Mouana,1168.457143
Moufou,2928.718367
Moulgi,2165.420408
Moundang,5314.742859000001
Moundeng,2331.219592
Mountain,3710.7722440000002
Mouro,2055.5232650000003
Moussey,4789.263674
Movima,22565.903675000012
Mpama,3267.448164
Mpenge,411.480816
Mpur,844.486531
Mro-Khimi,3494.0081620000005
Mrucha,22119.86285900001
Mualang,7857.266939
Muara,4076.0424460000004
Mu,4014.08
Mudburra,1746.7820410000002
Muduga,3581.936326
Mudugan,758.674286
Mudu,2524.8391820000006
Mufian,5770.135511
Mugali,6496.208982000004
Muhiang,6883.134693
Muinane,2466.742858
Muisca,628.427755
Mulao,6391.666937000002
Mullu,5815.9020390000005
Mumuye,11567.621223
Mum,1737.377959
Muna,24182.491428
Mundang,3965.5183680000005
Mundani,9160.724895000003
Mundari,23960.111018999996
Munda,877.923265
Mundu,9172.976324
Mungaka,2169.9395919999997
Munji,355.030204
Munsee,2181.172246
Muntak,2422.1257140000002
Muong,840.071837
Muria,2643.461224
Murik,1506.507755
Murle,27195.062857000004
Murrinh-Patha,32559.516730000003
Mursi,5423.960816
Murung,24407.797547999995
Murut,11794.128979000001
Musgum,19060.009792
Mushere,842.866938
Musian,2483.0432650000002
Musi,2332.3167339999995
Muthuvan,3290.906123
Mutu,4431.229386
Muyengue,3414.1257140000007
Mvskoke,3193.2865300000003
Mwaghavul,4129.750204
Mwatebu,424.620408
Mwona,2932.140409
Mwotlap,3666.6253060000004
Myacherver,853.942857
Myanmar,53702.06041499999
Naahai,1120.156735
Naami,5758.563264000001
Naanghatien,1770.370612
Naapa,5676.6955100000005
Naayeri,1791.4514279999999
Nabi,2006.4130620000003
Nadeb,8832.679185000003
Nadroga,843.598367
Nafaanra,5212.290612
Nafe,5111.849796999999
Naga,150513.39754100013
Nagamese,10048.026122999998
Nagatiman,3294.2759180000003
Nagovisi,1328.7183679999998
Nahali,860.264489
Nahuat,7574.700406000001
Nahuatl,75206.26940200005
Naikan,1728.7575510000001
Nakanai,3409.293061
Naka,1294.132245
Nakʰoda,3663.8040819999997
Nalca,8765.204902000001
Nalik,1230.994286
Nalu,3992.137144
Namakura,3335.2620410000004
Nama,3634.3902020000005
Nambikuara,6766.28898
Nambikwara,5417.952654000002
Nambo,2836.480002
Nambutket,1704.803265
Namia,7249.763266999999
Nancere,5372.1861229999995
Nandeva,17951.111840000005
Nandi,11636.584491
Nandu,6792.724898
nanj,8257.724081
Nanti,2981.53796
Nao,816.378776
Napo,10799.568979999998
Napoletano-Calabrese,2419.6179589999997
Naqxi,10938.305304999998
Narak,4595.017143
Narango,1668.1534689999999
Nare,2814.9551039999997
Narikuruvar,9164.173061000003
Naro,35696.27429600001
Naroji,437.60326599999996
Narwizi,405.133061
Nasavi,2547.9836719999994
Nasa,12969.064490000004
Nase,3551.634286
Nasioi,54949.38122099997
Nateni,14228.976327
Natimba,1669.564082
Natioro,5776.535513
Natugu,2480.796735
Natuoro,4511.529797
Natwr,6151.314282000001
Nauete,1978.5142849999997
Naulu,13708.512653
na,5739.859591999998
Nawdm,6046.066938
Nawuri,9440.261223
Naxi,5974.334691
Nchane,2277.459593
Nchumbulu,2928.065305
Ndali,770.246531
Ndam,1982.066939
Ndaua,2003.696326
Ndee,9611.023674000002
Ndengese,1863.418775
Nde,1727.947755
Ndien-Ni,4917.629385
Ndoe,4402.024488999999
Ndogo,538.749388
Ndoni,2695.836735
Ndoola,6508.512654000002
Ndop,842.710205
Ndrenet,2550.674286
Ndrukul,389.32898
Nduga,5676.434286
Ndut,2475.572245
Nederlands,8308.584491
Neethakani,6037.289798000001
Neiouleiene,2465.227755
Nemadi,1586.1812249999998
Nepali,19506.886528999992
Newari,30298.932246
Neyo,1183.2946940000002
Ngaanyatjarra,49826.61224800001
Ngaja,881.214693
Nga,28436.323264
Ngaju,24235.049795
Ngala,3611.010614
Ngalum,8477.727346999996
Ngamambo,3471.3599999999997
Ngamawa,2554.644897
Ngambai,16297.743673999998
Ngam,2375.4448979999997
Ngandi,1722.2269379999998
Ngangam,10307.813874999998
Ngang,1547.6506140000001
Ngarinyin,1760.078368
Ngas,5075.748572
Ngaturkwana,60542.35428900002
Ngbaka,4653.557552
Ngbo,1183.869388
Ngemba,1304.52898
Nggem,31430.08653199998
Nghe,4896.496327000001
Ngiba,3628.225308
Ngie,632.920816
Ngizimawa,1680.95347
Ngmalba,2067.853061
NGOM,2197.00245
Ngombe,36932.963263000005
Ngonde,27924.558367000012
Nguon,1612.90449
Ngwaba,2567.497143
Ngwaw,816.195918
Nhengatu,29757.648983000006
Nhiuhu,3558.452244
Nias,21388.747756999986
Nicobarese,9479.026940000002
Nieuwa,3674.435919
Niitsitapi,1694.693878
Niksek,6245.773061
Nikyob-Nindem,9960.986125000001
Nila,827.872653
Nimadi,8993.828568
Nimboran,2603.859592
NiMiiPuu,3352.032653
Nimo,1213.074286
Ningerum,3105.750201000001
Ningil,3468.48653
Ninikani,884.636735
Ninimb,1276.36898
Ninisi,1755.715919
Ninzam,3531.1281640000007
Nipsan,4452.38857
Nisa,1254.164898
Nisgaa,2656.078367
Niue,829.4661229999999
Nivacle,8555.258773
Niverver,3566.0538779999997
Nizm,3405.008979
Njai,2111.399183
Njen,2488.137143
Njwande,7292.969799
Nkim,3010.246531
Nkonya,8226.507754999999
Nkoroo,1635.6832650000001
Nkot,2212.806531
Nkoya,2919.444896
Nkumbi,788.68898
Nkum,2941.701225
Nkwen,2812.839183
Nleʔkepmxcin,2456.058775
Nnam,3301.511837
Nobonob,5946.80163
Nohng,1224.254694
Nokuku,1790.7983680000002
Nolobuna,2628.101225
Nomaande,5564.9436719999985
Nomane,2235.4546960000002
Nomatsiguenga,9754.383671
Nonda,8822.804899000002
Nong,6654.850611
Noni,7243.885712
Noon,2643.330612
Norman,2982.426121000001
Northern,4820.297141
Norwegian,6683.297961
Nosu,3139.9706119999996
Notsi,1809.5020399999999
Notu,2144.0261219999998
Noumou,1122.66449
Novah,889.652245
Nselle,2636.591021
Ntandroy,59449.41714400001
Ntaxjo,2152.751022
Ntcham,15285.577145000003
Nteng,804.702041
Ntrubo,6746.827754999999
Ntumu,1760.600817
Nuer,13442.142041
Nukarimai,2664.8032679999997
Nukumanu,902.138775
Nuku,3535.3599999999997
Numana,7886.680816
Nume,5590.935511
Numu,3455.55592
Nungu,5110.177962000001
Nuni,26085.198364000007
Nupbikha,4651.807348000001
Nupe-Nupe-Tako,4763.167346
Nusu,3210.370613
Nuucaan̓ul,3478.569795000001
Nuxalk,1020.2644899999999
nʉmʉ,1690.200816
Nyabwa,3587.970613
Nyaheun,3195.2718359999994
Nya,2627.134694
Nyakyusa-Ngonde,1354.292245
Nyakyusa,5457.998368
Nyam,7100.31673
Nyamosa,1388.617143
Nyaneka,2838.230204
Nyangatom,2863.0465320000003
Nyangbo,2629.8775509999996
Nyangumarta,4524.1469369999995
Nyankpa,6307.89224
Nyar,5947.010611
Nyaw,1303.6930619999998
Nyemba,2070.204083
Nyeshangte,811.546123
Nyiha,2282.710205
Nyikina,1480.1763279999998
Nyilamba,21329.91999900001
Nyimang,2293.133062
Nyindu,2703.751837
Nyishi,38854.191019
Nyole,2611.2522460000005
Nyongnepa,5913.600001
Nyoongar,18604.303675
Nyungwe,3492.022861
Nzakara,445.884082
Nzare,2584.3461230000003
Nzema,10801.815512000001
Nzera,2529.880816
Obanliku,8250.879998999999
Obokuitai,15470.680816
Obolo,1794.089796
Obo,10227.461226
obule,1720.8946939999998
Odia,12432.169796
Odkhi,1985.90694
Odual,2133.733878
Ofutop,886.282449
Oganibi,1395.6179590000002
Ogba,3387.5591839999997
Ogbia,1683.722449
Ogbogolo,1805.87102
Ogoni,2528.339592
Ohendo,39831.01387599999
Oi,1893.0416320000002
Oirata,2787.395920000001
Ojiteco,809.3518369999999
Okam,3701.1069409999996
Okiek,19715.369797999996
Okim,3147.2065300000004
Oko,881.867755
Okpe,2117.773062
Oksapmin,3807.399183
Oku,6029.426937000003
Olko,1517.609796
ol,89040.561632
Olo,10653.857959
Olubo,6669.505308000001
Oludhimba,13131.833473
Oluhumbi,16126.145303
Olukuvale,13324.538773999999
Olukwandu,16597.002446
Olulumo-Ikom,426.370612
Olumarachi,31838.066940000004
Oluwanga,20500.741225999995
Omaa,1008.3526529999999
Omaeqnomenew,3404.6955099999996
Omaha,2112.5485719999997
Omie,2888.333062
Omyene,1905.266938
One,3166.746124
Onin,816.117551
Oniyan,1583.8563259999999
Onjob,695.170612
Onkutshu,8385.750208
Onobasulu,2976.130613
Onotaʔkekaʔ,2715.7420410000004
Onotowaka,2779.297959
Ontenu,3550.6677550000004
Onʌyotaʔa,1682.4424480000002
Oodham,5625.338775
Ootham,7730.128978000002
Opameri,1663.921633
Orang,2287.9869379999996
Orau,16015.673469
Oring,760.241633
Oriya,7358.249798000001
Orma,135409.73716000008
Ormori,352.52244900000005
Ormu,1202.755918
Oroha,224.287347
Orokaiva,5057.802449
Oroko,8953.338774
Orokolo,4396.669387000001
Oromo,42224.43102000001
Oron,2140.5257149999998
Oroqen,1388.3297969999999
Orya,5689.208164
Oshiwambo,5050.383671
Osing,2787.291428
Osongomeno,1608.6987759999997
Ososo,1679.203266
Ossato,2015.4514300000005
Ota,342.93551
Ot,10788.466942999996
Otetela,48241.919999999984
Otjiherero,33797.355096999985
Otomi,19416.790207
Otoro,7139.29143
Otuho,8704.574696
Ouatchi,21097.116734999992
Ouindji-Ouindji,1233.81551
Owa,11171.787757000004
Owiniga,1175.04
Oyan,382.90285700000004
Oyda,1227.964082
Oy,3244.617142
Ozha,1708.773878
Paama,3346.2857140000006
Paasaal,10078.824488999999
Paawa,3231.0595919999996
Pacoh,1151.8955099999998
Padoe,1829.720816
Pa,9966.733059999999
Paharia,4799.503673000001
Pahari,24050.259595999996
Pahari-Potwari,10499.160816
Pahi,3514.174693
Paibuna,796.8391839999999
Paici,13123.474286000008
Pai,8292.728166
Paijiao,3493.9820400000003
Painka,3056.666120000001
Paipai,3514.409794
Paiter,50708.32327299999
Paiute,781.2179590000001
Paiwan,2925.6359190000003
Pajadinca,2286.0538799999995
Pakistani,2550.30857
Pak,744.5420409999999
Palaung,14319.673467
Palau,407.144489
Palawano,7707.637548000001
Palenquero,20982.726523000005
Palikur,911.67347
Palimi,2196.297145
Paliyan,5788.499593999999
Paloor,1743.046531
Palula,2063.3077560000006
Pame,6771.4612240000015
Pamona,6522.4881639999985
Pana,8970.814690000001
Panaeate,2605.609795
Panasuan,2593.0449000000003
Panawa,5354.997550000001
Panchpargania,3240.071836
Pandu,2709.315918
Pangal,2845.3093870000002
Pangasinan,1368.97306
Panginey,12216.267749999999
Pangin,2724.7542859999994
Pangkhu,8460.747753999998
Pangu,3092.323265
Pangwali,14922.292240999994
Pania,816.483266
Panikah,831.137959
Paniyar,4947.983675
Panjabi,37742.52408299999
Pannei,4377.469388
Pano,3008.966528999999
Pao,8382.589387999999
Papel,13711.28163099999
Papiamentu,6764.826124000002
Papuma,3180.068572
Parachi,699.689795
Paradhi,1661.75347
Parakana,1691.376327
Paraujano,1336.581225
Pardhan,3573.3159180000002
Parego,2678.909388
Pari,4475.428572
Parkari,11017.926529
Parkwa,5455.516734999999
Paruni,359.079184
Pashai,375.092245
Pashayi,1164.225306
Pashto,7423.216324000003
Pashtu,8101.773063999997
Patamona,2120.463672
Patpatar,3374.889799999999
Pattae,2925.7926520000005
Pattegar,819.905306
Pauaia,1738.8146940000001
Paumari,7906.194285000001
Paya,441.15591800000004
Payomkawichum,271.751837
Peere,5547.520003
Pefiyahe,5295.203262
Pekurehua,3549.5444929999994
Pele-Ata,1673.0644900000002
Penan,1808.378776
Penchal,799.738776
Pendau,2884.8848959999996
Pengo,5804.35592
Pennsilfaani-Deitsch,1082.279183
Pepesa,2526.197551
Pero,2662.0342849999997
Peskotomuhkati,1081.364898
Petats,5518.7591840000005
Peteka,1545.247347
Petobang,2802.782041
Peve,5414.974694999998
Phai,2819.94449
Phake,6747.689794999998
Phe,2730.161631
Phu,1185.1493879999998
Piapoco,3662.811428
Piapung,7864.946939000001
Piaroa,5187.317553
Pidgin,10364.29061
Pijin,61917.88408800001
Pilaga,1700.022857
Pila,5642.945307000001
Pileni,2544.64
Pima,5504.208983
Pinghua,3315.931429
Pinsi,903.78449
Pinyin,3381.76
Pira-Tapuya,1673.090612
Pitcairn-Norfolk,5057.541222999999
Piti,3786.1093880000008
Pitjantjatjara,20359.000812000013
Piya,973.557552
Pnar,1235.2522450000001
Pokai,4291.291428
Pokomo,51181.740409
Pokot,57246.145308
Polci,3817.560816
Poleo,6317.3746949999995
Poliya,3409.0057130000005
Poljski,18714.044084999994
Polopa,1619.7224490000003
Pomo,2897.7371439999997
Pompang,2422.5175509999995
Ponapean,772.754287
Pona,26362.984489000006
Ponca,1712.222041
Popoloca,9320.698776000001
Popoluca,2118.81796
Poqomam,6916.336328999999
Poqomchi,3997.0220399999994
Porja,2624.078368
Porome,2664.280813
Portugues,85807.69958599992
portugues,13281.044902000005
Potawatomi,2437.877552
Pottangi,6518.491427999999
Pougouli,5181.048163
Poula,3720.594285
Powari,5338.723268000001
Powla,843.676735
Powri,5050.984489
Prai,841.9526529999999
Prang,5914.200816
Psohoh,6575.359998
Puinabe,2658.115917
Pulaar,18050.272657000005
Pular,22541.609800000013
Puma,3147.180408
Pumi,13462.49143
Punan,14987.833475000009
Punjabi,3011.369795
Punti,3522.768983
Puoc,847.5428569999999
Pura,14584.215508
Purak,3406.132245
Purepecha,6330.253059999999
Purig,1826.4816329999999
Puroik,8727.588574
Putai,2806.8048980000003
Puyuma,1652.166531
Pyam,2617.208164
Pygmee,781.2179600000001
Qachabel,4973.479184000002
Qanjobal,2102.021224
Qaqet,6541.21796
Qatari,386.011429
Qayol,3396.989388
Qeqchi,10479.203269000001
Qiang,3889.658778
qiche,12791.928164000003
Quara,2096.3787749999997
Qua,861.204898
Quechan,2335.555919
Quechua,180535.3273689998
Quiche,5878.935509999999
Quichua,40519.54938700002
Quileute,461.635918
Quilihua,3401.743673
Quinault,610.3771429999999
Rabai,19086.419586999997
Rabha,6182.504493
Rai,70426.279184
Rajang,755.069388
Rajbanshi,27946.527351000008
Raji,1521.397551
Rajkoya,3555.657142
Rakhain,10044.813063
Rakhine,2789.5902039999996
Ralamuli,7079.209796000001
Raltatasa,1732.15347
Ralte,903.444898
Ramgali,398.262857
Ramoaaina,6298.462039999999
Rampi,7806.928977
Randuk,4792.084900999999
Ransa,2366.3020410000004
Rao,30947.474281999996
Raosiara,1314.142041
Rapamarei,713.012245
Raua,870.164898
Raute,2380.956736
Rauto,827.5330610000001
Rawang,19719.209787999996
Rawo,1694.1191829999998
Redjang,6450.155101000001
Reel,1919.92163
Rejang,2144.8620419999997
Reli,1817.991837
Rembarrnga,3875.160814
Rendille,36933.61632299999
Rennellese,1773.139592
Reshe,4309.13306
Retuara,5036.3820399999995
Reunion,2756.075102
Riang,1252.832653
Riban,1217.488979
Ribe,450.377142
Ribina,1655.771429
Ribun,2138.932245
Ri,1359.830205
Rikou,13781.446533
Rishiwa,3500.016327
Roglai,25082.044077999995
Rohingya,3349.577144
Romana,35732.035927
Romania,9806.288978
Romani,33209.73060599999
Romansh,1653.3159190000001
Rome,6316.617145
Romski,197.01551
Ron,2597.119999
Rongmei,11531.128165000002
Roro,1611.650612
Ror,2213.119999
Rote,14171.297957
Rotokas,3771.768163
Rotuman,1255.444898
Roviana,7808.626935000004
Rufiji,1681.5542860000003
Rukuba,2079.555918
Ruku,2711.405713999999
rumantsch,4985.182041
Rumaya,2647.118367
Rumu,1637.198367
Runasimi,4923.219592
Rung,5973.3420399999995
Rungus,5317.015512000001
Runyankole,29824.496325000004
Runyoro,1810.2334700000001
Ruoruo,3186.0244900000007
Ruruma,2654.902857
Rushani,2982.217141
Rusinski,3549.6228570000003
Russian,10539.023673000002
Ruto,2352.1697970000005
Rutoro,1311.190203
Rwa,1551.281632
Saafi-Saafi,3262.0669390000003
saamaka,2928.4310209999994
Saami,1141.942856
Saan,7484.682448999998
Sabanero,760.920817
Saban,807.026938
Sabaot,41912.737959
Sabaria,3498.161632
Sabar,4442.801632
Saba,863.1118369999999
Sabu,18056.254694
Sadhari,707.29143
Sadri,51987.56570900005
Saediq,2036.532245
Saek,845.531429
Saengo,8103.679999999999
saengo,1181.675101
Safaliba,4803.996734
Safeyoka,12238.654691000002
Sagalla,413.33551
Sa,8115.748573999999
Saho,12253.779593
Sahtu,2665.247347
Sahu,2009.4171460000002
Sajalong,6594.58612
Sajau,2522.723269
Sakachep,3591.366531
Sakao,2903.1967360000003
Sakapulteko,2075.3502040000003
Sakata,1633.750204
Salampasu,2392.058776
Salar,6093.975508999996
Salasaka,12970.422856
Sala,857.260408
Saliba,1963.2848980000003
Saluan,14163.957553
Samal,1680.039184
Samanai,4678.504487
Sama,14492.421226999999
Samarenyo,8345.835102000001
Samba,6983.3142849999995
Samberigi,7387.062859999999
Samburu,34508.12082
Sambyo,797.492244
Samei,3246.550204
Samia,22325.47265799999
Sami,4868.911021000001
Samoga,390.21714299999996
Samogho,8526.262856000001
Samo,28095.425318000005
Sanapana,4267.441629999999
Sanaroa,657.658776
Sandawe,2197.289796
Sanga,2138.017959
Sanggau,3876.8848980000002
Sangha-Sangha,1481.482449
Sangil,3116.3820410000003
Sangir,8262.426123999998
Sangtam,1248.182857
Sangu,795.4024489999999
Sanio-Hiowe,928.9665299999999
Sankaran,20674.977964
San,3029.5249
Sansi,22697.09060999998
Sanuma,8927.738772
Sapera,5869.609795000002
Saposa,2889.5346930000005
Sapuan,1686.9355099999998
Saraiki,44435.408982999965
Sara,2594.011429
Sardo,2734.158368
Sar,6823.862857
Sarmi,473.338775
Sarnamie,2416.6661249999997
Sarpo,10127.255509000002
Sarrih,2130.755919
Sartang,8352.052251000001
Sasak,4388.780408
Satalaliya,7032.9469359999985
Satere,9170.938777
Sauch,955.088979
Sauji,354.45551
Sauka,6540.826121
Saumlakki,397.19183599999997
Saura,19428.911019999996
Sauria,7900.630209
Savosavo,3705.808978000001
Saweri,1418.501225
Saweru,471.536326
Sawi,5452.721633
Saxon,767.79102
Saya,5172.897960999999
Schwyzerdutsch,873.090612
Scllile,1575.418776
Sebakoor,1258.527347
Sebat,2417.893878
Seberuang,2770.7820380000003
Secoya,2086.4000030000007
Secwepemc,993.985307
Sedang,1567.216327
Sehwi,21943.74531000001
Sekakai,2411.2326550000002
Sekayam,2753.4889799999996
Sekayu,2793.4302040000002
Seke,6457.286533000001
Selakau,1846.9616300000005
Selaru,4886.334691999999
Selayar,7058.311836
Selee,2340.15347
Seleput,2099.487348
Selibung,2687.2163279999995
Semadang,2696.045715
Semai,2174.014695
Sema,4070.3999990000007
Sembakung,2508.329794
Sembla,392.48979599999996
Sempatung,6335.373062000001
Sena,60697.39103400002
Sengedzi,871.0791830000001
Senoufo,45538.220407999994
Sentani,5746.729791999999
Senuruk,2458.827757
sePedi,34953.43019700003
Sepoe,395.41551
Sepotong,2663.314286
Serawai,3043.4220410000003
Serengka,1061.459594
Serere,10131.147756999997
Serer-Sine,6277.041635
Ser,1369.9395909999998
Sesotho,28280.711839000007
Setswana,31604.218777000002
Seuse,743.7322450000001
Seyawa,1652.8718370000001
Shabadia,5301.185307000001
Shakara,2420.2710209999996
Shako,2570.501224
Shall,796.264489
Shambala,2497.593469
Shamushti,365.792653
Shanenawa,3421.2049
Shangawa,409.913469
Shan,7020.721632000001
Sharanahua,1830.5044899999998
Share,355.21306100000004
Shatt,3892.8979619999996
Shekacho,749.97551
Shekkawati,7121.815508999999
Sherbro,12725.106934999998
Sherdukpen,5917.936328000001
Sherpa,15040.417958999999
Shi,14892.094694
Shilluk,10118.400005000007
Shimwali,2984.019592
Shimwela,824.372245
Shinasha,4473.495511
Shina,1264.666123
Shingazidja,4355.369795000001
Shipibo-Conibo,5320.751017999999
Shipogoro,599.849795
Shiyeyi,1627.6636720000001
Sholio,2715.506939
Shomoh,828.708571
Shona,8320.522452000001
Shqip,31346.912644999993
Shua,8299.519998999998
Shuar,9413.433465999999
Shughni,2204.734695
Shui,5687.066124
Shwaia,2081.4889780000003
Siamou,6324.192658
Siane,2982.765715
Siang,3244.538775
Siar,1629.2832660000001
Siausi,370.364082
Sibbe,2218.4489800000006
Sibnikia,984.0848980000001
sicilianu,2451.069388
Sidamo,9232.013060999998
Sie,1721.2081640000001
Sigidi,1349.851429
Sikaiana,1340.839183
Sikaritai,2646.099594
Sikkimese,9813.002453999998
Siksika,6019.500410000001
Silat,2065.84163
siLozi,27301.799187000026
Silte,763.8987749999999
Simakoma,11075.996729999997
Simbo,857.547755
Simbuang,2975.8693869999997
Simog,3478.3085709999996
Simpang,2855.784492
Sim,856.398368
Simte,1647.072653
Sinagoro,858.0702040000001
Sinasina,920.8685720000001
Sinaugoro,4706.403266
Sina,1699.134693
Sindhi,12645.799188999998
Singpho,9158.896324000001
Sininkere,1607.7322450000001
Sinugboanon,12425.351833999996
Sinyar,383.29469400000005
Siona,920.607347
Sipakapense,1392.4310209999999
Siptu,793.260408
Sipupu,1742.106123
Siri,1691.533062
Siriono,27697.893883999997
Sirmauri,10803.617954000001
Sirmuri,2544.378776
Sisaala,69879.66693100001
Sissala,1675.8334690000002
Sissano,2336.0522439999995
siSwati,12266.971426000002
Sita,2516.3755120000005
Skou,1393.18857
Slalimxec,769.3322459999999
Slovenc,19706.17469500001
Slovenski,14923.885711999992
Smalgyax,625.214694
So,3606.439184
Soimuol,1944.973062
Sokoro,1257.92653
Sola,7325.466127000001
Sola-Kante,2685.3093870000002
Soligar,2375.941225
Soli,853.0024490000001
Solong,1215.529796
Solos,3208.333061
Sonaaha,10288.744487999998
Songhai,37227.33714700002
Soninkanxaane,13742.550208
Soninke,1540.519184
Sonjo,759.9281639999999
Sonwadi,5205.2114280000005
Soomaaliga,38687.425303
Sori,879.647347
Sorsoganon,849.502041
Sosoni,1012.7151019999999
Soto,9416.333063
Souei,4857.495509
Sougb,6616.450612000001
Sou,5083.0106129999995
Soumraye,3517.126531
Sousou,33096.93387799999
South,4331.415509000001
Spanish,981.289797
Spiti,3109.041633
Spokane,3201.9330609999993
Sranang,3424.130614
Star,2680.528979
Stieng,9536.992653
Suan,412.734694
Sua,13199.621223000002
Suau,43133.596728000026
Suba,35004.02939800001
Subanon,13209.782855999998
Subiya,2093.923267
Sui,1974.230203
Suki,10808.555101000002
Sukur,3495.9934700000003
Sulamisi,3825.47592
Sulka,2695.053058
Sumbawa,2190.8114290000003
Sumcho,4237.871021000001
Sumuri,6333.857959
Sumu,2113.149389
Sunam,5614.6285720000005
Sunda,5380.911022000001
Sungkung,4927.555917
Sunuwar,7010.795102
Sunwar,5931.807347000002
Suomi,711.235918
Suraji,11232.679184
Sure,1024.339591
Surigaonon,1806.236735
Suri,433.084082
Sursurunga,5089.5151
Surubu,2626.716735
Su-uk,2800.796737
Suya,4585.978777000001
Svenska,1631.085716
Swahili,219808.65305800003
Sya,842.8146939999999
Syuba,8922.331428
Taabua,1609.299592
Tabar,6728.437548
Tabaru,7069.074284999997
Tabati,1063.392653
Taboyan,1652.0881620000002
Tabulahan,14179.108578
Tabun,2201.756736
Tacana,7567.6212239999995
Tachawit,8498.311837
Tado,3522.66449
Tadyawan,2107.428572
Taeme,5980.4734690000005
taetae,6942.876734
Tafi,2880.235102
Tagabawa,3886.785306
Tagakaolo,1643.232653
Tagalan,2646.2563279999995
Tagalog,37795.42202999999
Tagbanwa,4473.025307
Tagin,9679.751837000002
Tagouana,3382.987755
Tahoi,773.302857
Tai,14364.212243000009
Taimi,1226.370613
Tairaha,3603.147755
Tairora,1295.464491
Tairuma,8447.033465000002
Taisun,6355.2
Tajio,2708.8457180000005
Tajuasohn,4749.035101
Takarubi,1618.4685709999999
Takia,9767.471022
Takwane,32144.744488999993
Talang,2656.0783669999996
Talaud,6000.5877550000005
Tala,2452.3755100000003
Talensi,17967.542859999998
Talieng,5444.571425000001
Tal,1578.057142
Tamajeq,3327.0334679999996
Tamang,35026.285716
Taman,2753.0971419999996
Tamarski,9253.851425
Tama,1793.802448
Tamberma,7549.466127000001
Tambo,8154.984491000003
Tambotalo,1554.9387749999999
Tami,918.0995909999999
Tampulma,13769.012245
Tamuan,3680.3657120000003
Tanana,604.1861220000001
Tangale,6744.920813999998
Tangchangya,25466.592654999997
Tangko,3657.8481630000006
Tangoa,1856.9404079999997
Tangsa,1444.754286
Tanimuca,1671.5493880000001
Tanna,4713.038367
Ta-oi,14982.321631
Taoih,792.1110209999999
Taqbaylit,5786.122451000002
Tarahumara,12856.973061999997
Tarangan,3280.326532
Tarao,19334.295513000005
Tarifit,11067.898773999996
Tarok,3049.038368
Tashena,2962.12898
Tatuyo,4470.151834
Taupota,17334.177960999998
Tausug,8373.655511
Tautu,1519.725714
Tawala,23360.052241999987
Tawbuid,3106.9779580000004
Tawli,807.4971419999999
Taworta,1891.944491
Tawoyan,1977.8612269999999
Tayal,2489.782857
Tay,11215.281631000002
Tboli,3148.6432649999997
Tcharinya,1674.788571
Tebang,2665.900408000001
Tee,877.557551
Teheit,3683.291429
Tehit,6505.325712999997
Tehl,1309.12653
Teke-Eboo,5293.740407999999
Telefol,3321.7828560000007
Telugu,5396.871837000001
Tema,900.8326529999999
Tem,31269.198373999978
Tembaga,2498.612245
Tembis,2840.6857139999997
Temein,2013.1265309999999
Temne,22655.16409000001
Te,5290.788571
Tena,943.124898
Tengon,4356.048979
Tenharim,6823.549392999998
Tennet,2214.426123
Teochew,3479.588571
Teop,6220.408165999999
Tepehua,7038.484896999999
Tepehuan,2477.714286
Teporapeu,1747.408978
Tera,7342.785304000001
Terena,5531.924895999999
te,8470.961633
Teressa,2710.465306
Teribe,852.297143
Termanu,13754.096325999995
Ternate,680.280816
Tetun,32689.76326700001
Tewa,2102.595917
Tewe,2860.7477550000003
Thadou,9710.053880000001
Thai,37055.608156000046
Thakali,8548.466941
Tha,4804.440820999999
Tharu,105771.49387699997
The,6033.998372
Thimbukushu,36860.21224399999
Tho,1225.952654
Thudam,6138.305301
Thuongjaeng,6037.002449000001
Tiale,4704.026123
Tibetan,8357.929794
Tichurong,6617.364899
Ticuna,16226.429386999998
Tidi,1448.202449
Tidung,3089.03184
Tiefo,1248.9142860000002
Tieng,38316.90449000001
Tifal,2542.94204
Tigak,3474.23347
Tigre,4991.085715
Tii,16378.514289999997
Tiits,5733.328979000001
Tikari,1654.8571430000002
Tikopia,749.55755
Tilow,1944.6857129999999
Timbira,6778.148574
Timeini,562.23347
Tinani,11588.101224
Tin,2542.08
Tingau,862.537143
Tinta,1421.139592
Tipai,3155.017143
Tipin,1809.632654
Tippera,22951.627756000005
Tip,851.173877
Tira,5050.253063
Tirahi,414.746122
Tirak,4697.600000000001
Tiralumen,1210.880001
Tirurai,1258.945306
Tiseni,1830.347755
Titan,5090.742855
Tiv,14437.746941999992
Tiwa,14926.994285999997
Tiwi,1658.357552
Tlahuica,1465.704491
Tlicho,896.835919
Toabaita,12063.190205999997
Toangai,767.9477550000001
Toaripi,9493.786126
Toba,15457.044897000002
Tobanga,2596.80653
Tobelo,1682.416327
Tobima,882.88653
Toda,7276.538774
Togoy,1018.4881640000001
Toicha,1985.8024489999998
Toi,2075.297959
Tojolabal,2704.039184
Tok,56553.56082
Tolaki,12032.574689000001
Tolo,4652.09469
Tolowa,791.562449
Toma,30177.488985000004
Tomaraho,4277.942855
Tombonuo,8790.491429
Tombulu,1688.3200000000002
Tonga,88470.8832690001
Tongwe,1231.490612
Topoke,18645.368164000014
Toposa,3324.395102
Topura,20363.128157999996
Toraja,13330.651426
Toraja-Palopo,2071.666939
Toro,889.626122
toskerishte,15141.720818999996
Toto,7260.499592
Totonaco,70850.76898000004
Totonac,2571.10204
Totoroes,2801.319181
Toubbou,1640.75102
Toucouleur,742.478368
Toulour,1649.92
Toundanou,788.558367
Touni,1714.5991840000002
Tountemboan,1339.115102
TOUO,7338.788570000001
Toura,2344.280817
Toussian,10421.577142999997
Towa,1554.1028569999999
Trinidadian,1660.813062
Trinitario,55656.12407999996
Trio,2086.4
Tripura,2904.8685720000003
Tripuri,4373.211428
Triqui,9954.56
Trukese,2118.713469
Tsaangi,1669.12
Tsachila,1634.6383660000001
Tsagu,4593.057961
Tsamai,23933.57061099999
Tsangla,3524.2057129999994
Tsekehne,1298.233469
Tshivenda,31213.87101899999
Tsia,900.7542850000001
Tsikimba,1648.6922439999998
Tsinali,3948.303674
Tsinlhqot⤙in,2479.203265
Tsishingini,2012.6040829999997
Tsoa,3227.977143
Tsobo,3255.431837
Tsou,1313.4106120000001
Tsuvadi,5509.041630999999
Tucano,13995.859592000003
Tugen,26209.515102000016
Tujia,3142.4261229999993
Tukangbesi,4901.85143
Tuki,2554.8277559999997
Tukudede,2479.7779619999997
Tula,2107.84653
Tulu,5350.765711999999
Tumak,3384.137143
Tumbang,10691.265306999998
Tum,1810.9126520000002
Tumbuka,24206.628575999996
Tu,6358.256327
Tumleo,3268.858776
Tunebo,2662.2432660000004
Tunen,3459.52653
Tunia,1749.185306
Tunjung,5832.777142999999
Tupari,12291.50041
Tupuri,4921.991835000001
Turama,1639.7322450000001
Turi,22425.835101000004
Turka,6616.94694
Turkce,32512.000005999995
Turkestani,424.489796
turkmence,47233.697956000025
Tur,813.1918370000001
Tuscarora,3444.4538780000003
Tutchone,3523.526529
Tutsa,3190.0473469999997
Tuun,14928.587751000006
Tuwari,3614.4326570000003
Tuyao,2972.786939
Tuyuca,3545.0775519999997
Tv̀ngsàr,3084.8522459999995
Twarbo,1152.9926529999998
Twi,43204.702035999995
Tyap,3500.460408
Tzeltal,20125.727354000006
Tzotzil,17218.951833
Tzotzill,832.9142850000001
Tzutujil,808.698776
Uab,13067.833469
Ubaghara,5676.355919
Ubang,2923.2587719999997
Ubir,48354.24653200001
Uchoi,826.906122
Uduk,5049.077549000001
Udungi,7469.087348000001
Ugbe,1635.578776
Ugong,501.786122
Ugorogmo,17968.979591000003
Uhula,1952.130612
Uhunduni,1627.167347
Uisai,4927.3208159999995
Uive,2134.308571
Ukaan,414.119184
Ukpe,3301.511837
Ukwuani,1696.496327
ULAU,795.533061
Ulawa,2550.256327
Uma,26012.421233999994
Umanakaina,5862.008162000002
Umar,1797.955919
Umbundu,29510.922445999986
Umirey,2163.7746939999997
Umm,2108.89143
Umon,895.6865310000001
Una,4454.556737999999
Unangax,4698.226938
Undau,2652.421225
Uneme,1286.060408
Unggumi,440.607346
Upper,3103.5036739999996
Uppu,5434.279184
Urak,31024.692247999992
Uraly,445.048163
Urao,18355.879184000005
Urarina,2121.090612
Urat,6282.422857999999
Urhobo,2764.6432640000003
Uripiv,6585.991836
Usarufa,839.967347
Uspanteco,7829.133060999999
us-Saare,8334.001634
Utange,2935.614694
Ute-Southern,1689.5738780000001
Ute,2584.816328
u̱t-Hun,8107.937960999999
ut-Main,842.527347
Utonkon,1299.278367
Utugwang-Irungene-Afrike,6081.854694000001
Utugwang,2788.7542860000003
Uut,6213.825305999999
Uvin,3364.022855
Uwa,1912.920817
Uyghur,8704.809794000004
Uzbek,9035.102034999998
Vadari,780.251428
Vagari,2883.892243000001
Vaghat,5121.776325
Vaghua,6271.346941999999
Vagla,16815.673469
Vai,4402.233469
Vaiphei,1830.974694
Valiente,1227.964082
Valmiki,7275.9379579999995
Vanatinae,2070.831021
Vangunu,5049.6
Vanikoro,886.831021
Van,16410.697144
Vanua,1717.3159190000001
Varhadi-Nagpuri,11219.435107
Varisi,5188.858778
Vasavi,5380.911020000001
Vaturanga,1693.7012249999998
Vavatema,2703.8040819999997
Vere,2513.554286
Verre,856.11102
Vidia,405.263674
Vietnamese,4981.94286
Vigue,3443.3828559999997
Vili,9636.780404000003
Viri,1391.5167339999998
Visayan,30687.451424999996
Vlaams,1487.934694
Vo,3191.275103000001
Voro,5175.562449999999
Vulaa,944.378775
Vureas,1737.430204
Vute,3927.1183679999995
Waama,2472.960001
Waata,26478.576328000006
Wabo,1300.349388
Wadar,1253.668572
Wadi,1416.019591
Wadyiginy,893.988572
Wagawaga,737.17551
Wagga,1344.809796
Wagrep,1324.956735
Wagumi,1421.818776
Wahalunga,816.718367
Wahgi,1491.722446
Wai,1292.564898
Waigali,396.79999999999995
Waimaha,1564.917551
Waioli,2385.7371399999993
Wai-Wai,3727.830207
Wajapi,3548.47347
Waja,2533.9820409999998
Wakhi,6460.3951
Wakien,403.278368
Walak,5218.5599980000015
Walane,3073.776326
Walapai,2696.54204
Walapiti,771.604898
Wala,1444.362449
Walese,765.257143
Wali,25124.728162999992
Walmajarri,6195.461225
Walungge,5036.773878999999
Walwali,837.955919
Wambaya,1106.364083
Wambon,6995.408978
Wambule,118060.0946930002
Wamesa,808.620408
Wamwan,2015.1902009999997
Wana,1174.256327
Wanano,146374.060406
Wan,2602.631837
Wandala,5601.933064
Wandamen,8597.420409999999
Wandi,1814.909388
Wando,2584.607348
Wangurri,23511.327348
Wanji,2325.289796
Wannu,3680.444081
Wano,3621.067755
Wantoat,34372.284075
Wao,4001.95918
Waola,1321.299592
Wapan,8609.253876000002
Wapishana,1282.168164
Wapi,3455.164081
Wara,23795.017146999988
Wari,9692.995916000002
Waris,3435.1281630000003
Warji,2010.723266
Warlpiri,53724.05551299997
Warombori,846.3673470000001
Waropen,2436.414694
Warumungu,5746.181223
Waruritinao,949.315918
Washkuk,4787.774695
Washo,1306.253062
Waskia,2948.806535
Wassa,2078.249796
Wataweet,1269.1591839999999
Watindiga,56364.40816500004
Waunana,4912.169793000001
Waura,4069.4073479999993
Wa,6085.328984
Wawonii,2343.366532
Wayana,2122.2661219999995
Waygali,361.639184
Wayunaikis,30178.377140999983
Wedabo,810.579592
Wedau,1178.200816
Weh,2633.560816
Welsh,1829.485715
Wemale,2577.92
Weridai,942.759184
Werikena,814.4979589999999
Wersing,2761.58694
Western,26953.560815999997
West,3678.354287999999
Wetar,759.745306
Wewak,830.275918
Weyoko,773.8514279999999
Whana,2179.0302039999997
Whitesands,4233.848163
Wichi,2501.4334689999996
Wichita,662.83102
Wiga,931.552653
Wik-Muminh,1799.7322450000001
Wik-Mungkan,28561.737141000012
Windisch-Slovenisch,456.150204
Wipi,6568.124081999999
Wirah,1009.5281640000001
Wiru,3888.927347
Witoto,3041.384489
Witsuwiten,1298.5469389999998
Wiubula,831.6865310000001
Wiyauman,1676.695507
Wobe,3679.007346
Wogamusin,4131.6049
Wolani,24950.43918400003
Wolayta,24729.312656000002
Wolio,4607.320817000001
Wolof,35511.5102
Wom,9162.997550999999
Worrorra,595.95755
Wosera,8499.539594
Wosera-Kamu,3165.805716
Wubuy,20907.258777000003
Wudu,2525.596735
Wula,2774.230204
Wuniahebe,880.979592
Wurahull,4117.159183
Wurkun,2355.800817
Wushi,3315.8530610000003
Wusi,5142.0473489999995
Wutung,3010.1159150000003
Wuvulu-Aua,5876.323267
Wuzlam,1273.103674
Xadi,2866.442449
X,2839.928163
Xamatari,3420.630203
Xerente,1240.241632
Xitshwa,3665.345308
Xitsonga,36371.408983
Xna¡nj,4869.3551019999995
Xokleng,450.742857
!Xoo,28012.904494000002
Yache,3492.231837
Yacouba,1899.2848979999999
Yagaria,3769.2081639999997
Yagua,1606.50449
Yagwoia,5157.198366999998
Yahang,3607.9281620000006
Yaka,4088.5551029999997
Yakan,5509.642449
Yakha,9082.017960999998
Yakima,2658.951837
Yakouba,2622.798367
Yala,4303.046531
Yali,5232.143674
Yalima,419.709388
Yalunka,37565.38775900003
Yamba,8532.819587000002
Yambes,1569.044898
Yamdena,10412.016327000001
Yaminahua,9958.974692
Yami,1548.120817
Yangumdai,4907.363264999999
Yankuntjatjara,1718.386939
Yanomami,6902.726531000002
Yanomamo,1763.474285
Yanyuwa,5832.333064999999
Yao,125233.1363309999
Yaoure,1251.657143
Yapese,1571.134694
Yapunda,3791.882449
Yaqai,2417.8416319999997
Yaqui,2650.017959
Yareba,1188.101225
Yaruro,2404.858776
Yashi,4643.944491
Yate,1721.678367
Yauma,1323.676734
Yauo,2380.852245
Yavapai,5211.951020000001
Yawa,18521.103673999998
Yawanawa,1734.2693880000002
Yazgulami,2186.65796
Yebekolo,2546.9387770000003
Yekhee,3524.153469
Yeli,2526.746122
Yemeraba,3611.4808160000002
Yemsa,2168.241631
Yendang,3290.853877
Yerakai,1852.238367
Yerukula,7652.3885709999995
Yessan-Mayo,5574.661228
Yetfa,2820.4669360000003
YI,6009.652244999999
Yi,59070.928984000006
Yigel,3335.3665309999997
Yilui,1641.1951020000001
Yil,2510.001633
Yimchungru,1815.719185
Yindjibarndi,4225.985305000001
Yine,3905.985309
Yinnet,3289.678368999999
Yinzebi,6874.566532999999
Yipounou,7099.794286
Yis,4289.750204
Yive,2603.284898
Yoabou,1765.98204
Yogad,932.414694
Yokwa,2231.0138779999997
Yombe,1358.0277540000002
Yom,833.750205
Yong,3500.8
Yongkom,14657.776330999997
Yoruba,21282.455509
Yoti,832.156735
Youm,2850.5599990000005
Yucuna,2187.20653
Yugu,5428.950204000001
Yukaghir,1134.5502040000001
Yukpa,1742.654695
Yukuben,3496.907757
Yumpla,887.640816
Yumu,837.01551
Yungur,1052.891429
Yupik,5664.339591999999
Yuqui,3036.0555110000005
Yuracare,7459.892242
Yuri,2094.7853069999996
Yurok,865.828571
Yuruti,2499.2391829999997
Yuwei,3228.1338769999998
Yu,2777.600001
Zabana,3448.5812270000006
Zaghawa,2153.430205
Zaiwa,7900.159998000001
Zakhring,4595.748572
Zakshi,2148.8587749999997
Zambal,10073.260412999998
Zanaki,917.420408
Zande,40739.10857100002
Zangkari,4904.907754999999
Zang,5658.5404100000005
Zanofil,1778.2595919999999
Zaparo,1540.5975499999997
Zapotec,50792.90775499997
Zapoteco,102696.6465399999
Zarandawa,2690.115916999999
Zari,2965.159183
zarmaciine,29298.834279000002
Zaysete,2178.76898
Zaysite,2209.724081
Zay,2936.65959
Zaza,5380.911022000001
Zebaki,429.76653
Zeem,2738.6253049999996
Zhili,5775.908571
Zhire,3517.074286
Zhuang,70797.08735299998
Zigua,776.855511
Zimakani,7999.791019999998
Zimba,738.168164
Zinbon,3253.7599979999995
Zinza,2603.023674
Zo,3674.723266
Zoh,2625.0187760000003
Zoque,7271.105307
Zou,2078.537142
Zulgo,8679.784492000004
Zull,2240.078367
Zumaya,1735.314286
Zumbinju,3726.3934689999996
Zumbulawa,2995.879182
Zumbul,1737.012244
Zuni,844.564898
ǂAmkhoe,2520.607346
Ελληνικά,15079.000813000002
Авар,3287.693061
адыгэбзэ,2382.288979
алтай,1914.906123
Бежкьалас,11861.106941000002
беларуская,21456.953469000004
буряад,10479.516732
Български,2020.3102020000001
ирон,3780.1273480000004
Къырым,357.146123
Къэбэрдеибзэ,3332.257959
Кыргыз,8273.449793
Қазақ,5280.0522470000005
ҝараҝалпаҝ,16406.38694200001
Лезги,6928.404897
Македонски,35787.18041699999
Монгол,22542.471846000004
Нохчийн,5380.597551
орочон,10500.205718000003
перым-коми,5138.729798000001
Русский,57248.10448500004
Саха,12742.243265000001
Српски,25409.933058000002
српски,9357.191835999998
табасаран,19371.885713
Таҷикй,6834.86041
Тилкъарачай-малкъар,3287.457959
тыва,7146.109387999998
Ўзбек,22120.672663999998
Українська,36805.53795799999
хальмг,1849.025306
чаучу,2113.175511
эвэды,4523.049797000001
юпик,1742.8114289999999
ლაზური,2308.3885710000004
ქართული,6217.665308000001
արեւմտահայերէն,3392.261223
Հայերէն,8056.711842999998
בְּאַרָמִית,2439.78449
גודיאו,920.6073469999999
יהודי,536.7379570000002
מאַמע,1620.062041
עִבְרִית,12629.995105999998
آذربایجانجا,2257.580407
ﺋۇيغۇر,15813.720818999993
ئۇيغۇرچە,343.745306
اردو,36082.468574
اِشتهاردی,1591.5624490000002
الحضري,2165.185302
العامية,15033.939590999995
العربية,16357.590207999998
الویری,2268.05551
بختیاری,5775.960818000001
بداوية,3424.026122
براہوی,1958.661222
بلتی,55256.320001
بلچي,25250.351016
بلوچی,662.72653
پشتو,3268.80653
پښتو,872.4897960000001
پنجابي,822.099592
پنجابی,30974.45876999999
تاتارچا,6516.323265999999
تاجیکی,1547.2065290000003
تاکستانی,1714.8081620000003
ترکی,339.043265
تشلحيت,5300.793472
تَمَاجِقْ,40938.94531000002
تَمَاشَقْ,34815.26857400001
جدگالی,2027.0497959999998
چترالی,16561.998365
حَوْسَ,48248.84245099999
خليجي,2131.748571
خوئینی,2167.379592
خوانساری,2027.075918
دَری,2075.689797
دری,36811.20651899998
دزفولی,1845.2897960000005
دومَری,2842.879997
رَزجـِرد,1719.170609
رودباری,2190.1061280000004
سمنانی,1854.0146950000003
سندھی,30334.066939999986
سنگسری,1607.6277580000003
سیوندی,1842.7036720000003
شاهرودی,1921.175508
شِقُمُرِ,29357.871034
طارُمی,1811.4089820000006
فارسی,53444.36245100002
فصحى,27592.724892
قَشقایی,536.084897
قوچانی,2106.749386
كشميري,3011.265306
كوردي,6380.956734000002
کَجالی,1600.1044889999998
کُردی,3065.573877
گجراتی,11174.844081999998
گُذَرخانی,1603.5787769999997
گیلَکی,1092.0751019999998
لاری,1869.871021
لُری,1870.027755
مارواری,27941.903678
مازندرانی,899.866122
مراغی,1708.434285
مزاب,3564.5387750000004
مغربی,13190.478368000004
مَکرانی,3076.179592
نائینی,2438.060407
وزیری,1314.716735
وفسی,1797.7208149999994
یدغا,1872.1175509999998
ܟܠܕܝܐ,2597.3028559999993
ދިވެހި,8101.564083999998
ⵜⵎⴰⵣⵉⵖⵜ,11617.567352
ሀላቢ,3847.7583680000002
ትግርኛ,35773.596742999995
አማርኛ,40138.52735000003
አውጚ,7044.362449
ኣዓሪ,55400.69877499999
अंगिका,10000.274287
अंडमान,5708.460408999999
अदि,7037.54449
अदिः,6283.650616999999
अन्ध,4515.317552
अवधि,10350.680816
अवधी,6343.888982
अहिरनी,1834.422857
आवधी,9709.531424
ऐतौन,4261.929796999999
कनाशी,2563.604899000001
कन्नौजी,5297.214691
किन्नौरी,6076.604080000001
कुमाउनी,20424.463671
कुर्मली,1276.656327
कुलूई,8631.457959999998
कोंकणी,850.7297960000001
कोटिया,5049.704491
कोनकर,1985.3061229999998
खिरवार,5779.408978000001
गढवाली,10884.127352999996
गढ़वाली,24892.316737999998
गढ़वाली,4317.753471
गद्दी,6391.745308
गोंडी,18162.285719999996
गोहल्लारू,904.411429
गौली,1173.3420409999999
चंबयाली,5034.840814
चम्बा,858.853877
छतीसगढ़ी,8693.629386999999
जड़,5738.945307
डोगरी,10914.011429999999
तंग्खुल,9054.380411999999
थारु,7044.519181
नगालोंग,1281.044898
नेपाल,40553.03836200001
नेपाली,141933.27019999997
पहाड़ी,8208.378776
फकीर,27788.146939000017
बरेली,12413.936327
बिजोरी,5027.552649
बिरहोर,1738.997551
बिष्नुप्रीय,9138.860408999999
बुन्देलखंडी,3275.6767339999997
बुन्देली,5842.155101000001
बोकर,6401.619595
बोडो,3326.4065309999996
ब्रज,9665.018776000003
भीली,69956.36244200001
भुंजिया,5780.610614000001
भोजपुरी,33131.232651
मगही,13777.789390000004
मनचेत,1754.932245
मराठी,16335.098774999995
मीरी,15407.307755000002
मेवाड़ी,1228.7477549999999
मेवाती,6817.619590999998
मैथिलि,5973.603267
मैथिली,68485.22449599995
रुंग,24088.372242000005
रेवाड़ी,1621.106938
लाहौली,10043.794291
लिम्बु,7749.773063
वगाड़ी,3277.3485709999995
वगिरी,3565.244081
वारली,3381.4204049999994
संथाली,66680.267756
संस्कृत,10212.362449
सुर्यापुरी,9111.588572999997
सेराजी,12030.066936999996
स्टोड,6816.5224530000005
स्टौड,4305.5542860000005
हरियाणवी,13670.37388
हरौती,5495.170609
हलबी,9530.070204999998
हांडूरी,10355.487346999998
हिन्दी,47740.81307400002
हो,6599.653880999999
অসমীয়া,7462.556733
চাঁটগাঁইয়া,5380.963265
বাঙ্গালী,12192.417959999997
বাংলা,137026.01143800002
বাংলা-এম,2982.112652
বাংলা-চিটাগনিয়ান,24791.275098000002
বাংলা-সিলেটি,23491.604901999995
মৈইতৈইলোন,39762.207345
કચ્ચિ,1999.4122450000002
ગુજરાતી,15320.711834000002
ଓଡ଼ିଆ,17280.62693500001
சௌராட்டிர,1660.7608169999999
தமிழ்,30920.22856800002
తెలుగు,29867.72897
ಕನ್ನಡ,7957.002445000002
ತುಳು,826.148571
മലയാളം,4255.033467
සිංහල,28222.82449300001
โซ่ทะวืง,2707.905305999999
ถาษาญัฮกุร,11808.679183
ไทยเหนือ,2391.6669389999997
ไทใหญ่,35401.90039999998
ภาษาไทย,33047.588571000015
ภาษาผู้ไทย,15646.145306000004
โย้ย,10710.700412000002
ลาเม็ท,3546.932245
อีสาน,7516.786938
ພາສາລາວ,23720.202458000007
བོད་ཡིག,18304.417966
རྫོང་ཁ,18710.726531
ᨅᨔ,8334.785305
ကဒူး,3770.3836730000003
နာဂ,6410.057146999999
မောကဲန,63470.341225999975
​កាចក់,6447.464491000001
ខ្មែរ,40532.009796999984
ខ្មែរលើ,1770.8146939999997
គុយ,3270.7657149999995
​គុយ,2829.531429999999
គុយវ៉ែត,5510.504488
គ្រឹង,6715.585303999998
ចាម,780.2253070000002
ចារាយ,19875.108570999993
ចុង,5574.452244
​ទំពួន,6507.52
ប៉ោ,1156.937144
ព្នង,2051.840001
សូម៉ា​រ៉ា,3296.8620419999997
ᥖᥭᥰᥖᥬᥳᥑᥨᥒᥰ,2853.799183
ᦅᧄᦺᦑᦟᦹᧉ‎,4736.8881630000005
ᏣᎳᎩ,2750.4848990000005
ᑕᗸᒡ,412.36897999999997
ꆇꉙ,19292.133877999993
东乡语,5328.0914269999985
仙岛话,3170.2204099999994
台文,9327.908572
吳,1962.8408160000001
吴语,3442.9910219999997
夏延语,1287.3665310000001
官話,34977.33224999999
布農,2407.68
彝族,2546.1028560000004
徽州话,3066.618775
沖縄中部,2528.914287
白：大理,2475.7812249999997
简体中文,44560.692244000005
粤语,36938.13550899996
苗瑶语,2741.603264
苗话,2747.9248979999993
苗话川黔滇,3448.63347
苗话：麻山北部土,2823.36653
苗话：麻山次,3367.9412239999997
苗语川黔滇,5311.843266999999
苗语滇东北,9326.837552
角苗,3122.3640809999997
话,4667.324085000001
锡伯语,2549.86449
閩東語,3272.881634
闽北,816.378775
阿卡语,4970.187755
阿昌,4447.216327
阿美,2289.005714
